{"stats":{"minecraft:custom":{"minecraft:mob_kills":14,"minecraft:interact_with_crafting_table":21,"minecraft:damage_dealt_resisted":341,"minecraft:leave_game":7,"minecraft:time_since_death":15585,"minecraft:climb_one_cm":464,"minecraft:sprint_one_cm":185660,"minecraft:walk_one_cm":153580,"minecraft:damage_blocked_by_shield":315,"minecraft:drop":108,"minecraft:play_time":57142,"minecraft:deaths":5,"minecraft:sneak_time":6473,"minecraft:walk_under_water_one_cm":2126,"minecraft:jump":1353,"minecraft:walk_on_water_one_cm":5681,"minecraft:total_world_time":57142,"minecraft:interact_with_furnace":2,"minecraft:sleep_in_bed":1,"minecraft:time_since_rest":15606,"minecraft:damage_taken":3566,"minecraft:damage_dealt":4268,"minecraft:swim_one_cm":2032,"minecraft:fly_one_cm":246072,"minecraft:player_kills":3,"minecraft:open_chest":25,"minecraft:crouch_one_cm":23617,"minecraft:fall_one_cm":48893},"minecraft:crafted":{"minecraft:oak_planks":8,"minecraft:iron_boots":1,"minecraft:iron_axe":1,"minecraft:stone_pickaxe":1,"minecraft:dark_oak_planks":4,"minecraft:wheat":72,"minecraft:crafting_table":1,"minecraft:wooden_pickaxe":1,"minecraft:iron_sword":1,"minecraft:stone_axe":1,"minecraft:bread":29,"minecraft:iron_chestplate":1,"minecraft:stick":20,"minecraft:iron_pickaxe":1},"minecraft:killed":{"minecraft:spider":1,"born_in_chaos_v1:maggot":2,"minecraft:skeleton":1,"born_in_chaos_v1:corpse_fish":1,"born_in_chaos_v1:bonescaller":1,"minecraft:zombie":4,"born_in_chaos_v1:dread_hound":1,"born_in_chaos_v1:corpse_fly":2,"born_in_chaos_v1:door_knight":1},"minecraft:killed_by":{"born_in_chaos_v1:zombie_bruiser":1,"mowziesmobs:ferrous_wroughtnaut":3,"mca:female_villager":1},"minecraft:dropped":{"born_in_chaos_v1:intoxicating_decoction":1,"minecraft:bread":24,"minecraft:iron_sword":1,"iceandfire:raw_silver":3,"born_in_chaos_v1:shattered_skull":1,"minecraft:wheat_seeds":39,"minecraft:oak_log":1,"minecraft:glass_bottle":1,"minecraft:iron_helmet":2,"minecraft:feather":1,"minecraft:book":5,"minecraft:copper_ingot":18,"minecraft:coal":37,"minecraft:music_disc_13":1,"minecraft:stick":20,"minecraft:emerald":9,"born_in_chaos_v1:monster_flesh":1,"minecraft:dirt":5,"born_in_chaos_v1:gnawed_bones":1,"mca:book_romance":1,"born_in_chaos_v1:monster_skin":3,"minecraft:torch":14,"minecraft:dark_oak_wood":1,"minecraft:wooden_axe":1,"minecraft:smooth_quartz":2,"born_in_chaos_v1:stimulating_decoction":2,"minecraft:iron_leggings":1,"gravestone:obituary":2,"minecraft:iron_axe":1,"minecraft:iron_pickaxe":1,"minecraft:string":25,"minecraft:pink_tulip":1,"minecraft:dandelion":6,"minecraft:bone":3,"minecraft:white_tulip":3,"minecraft:furnace":2,"minecraft:stone_axe":2,"alexsmobs:animal_dictionary":1,"minecraft:raw_iron":8,"minecraft:rotten_flesh":24,"minecraft:oak_planks":64,"minecraft:iron_boots":1,"minecraft:name_tag":1,"minecraft:spruce_fence":1,"evilcraft:flesh_humanoid":2,"minecraft:carrot":1,"minecraft:chainmail_chestplate":1,"minecraft:poppy":1,"minecraft:potato":2,"minecraft:shield":1,"minecraft:gunpowder":19,"aether:iron_gloves":1,"minecraft:spruce_planks":1,"minecraft:iron_chestplate":1,"minecraft:andesite":4,"minecraft:beetroot_seeds":1,"minecraft:slime_ball":2,"minecraft:bow":1,"minecraft:arrow":2,"minecraft:wooden_pickaxe":2,"minecraft:stone_pickaxe":2},"minecraft:used":{"minecraft:beetroot":1,"minecraft:shield":2,"minecraft:iron_sword":94,"minecraft:carrot":7,"minecraft:iron_axe":1,"minecraft:wooden_pickaxe":9,"minecraft:crafting_table":3,"minecraft:bread":31,"minecraft:iron_pickaxe":22,"born_in_chaos_v1:rotten_fish":1,"minecraft:yellow_bed":1,"minecraft:dandelion":1},"minecraft:picked_up":{"minecraft:wooden_axe":1,"minecraft:iron_chestplate":1,"minecraft:crafting_table":2,"minecraft:wheat":15,"minecraft:wooden_pickaxe":1,"gravestone:obituary":1,"minecraft:shield":2,"born_in_chaos_v1:intoxicating_decoction":1,"minecraft:beetroot":1,"minecraft:white_tulip":3,"born_in_chaos_v1:stimulating_decoction":2,"minecraft:furnace":1,"minecraft:stick":2,"minecraft:raw_iron":11,"minecraft:spruce_fence":1,"minecraft:rotten_flesh":19,"minecraft:arrow":1,"minecraft:beetroot_seeds":1,"minecraft:hay_block":8,"minecraft:cobblestone":6,"born_in_chaos_v1:corpse_maggot":1,"minecraft:andesite":4,"minecraft:oak_log":3,"evilcraft:flesh_humanoid":2,"minecraft:yellow_bed":1,"minecraft:dirt":3,"minecraft:bone":7,"minecraft:wheat_seeds":33,"minecraft:iron_ingot":4,"minecraft:iron_sword":1,"minecraft:oak_planks":3,"born_in_chaos_v1:ethereal_spirit":1,"minecraft:dandelion":3,"mowziesmobs:wrought_helmet":1,"minecraft:dark_oak_log":1,"alexsmobs:animal_dictionary":1,"minecraft:diamond":1,"minecraft:stone_axe":1,"evilcraft:dark_gem":4,"minecraft:iron_helmet":1,"minecraft:emerald":1,"born_in_chaos_v1:rotten_fish":1,"minecraft:dark_oak_wood":1,"minecraft:coal":2,"iceandfire:raw_silver":2},"minecraft:mined":{"minecraft:diamond_ore":1,"iceandfire:silver_ore":1,"minecraft:hay_block":8,"minecraft:iron_ore":10,"minecraft:andesite":2,"evilcraft:dark_ore":1,"minecraft:sculk_shrieker":1,"iceandfire:gold_pile":1,"minecraft:dirt_path":1,"minecraft:white_tulip":1,"iceandfire:chared_cobblestone":1,"minecraft:dandelion":2,"minecraft:crafting_table":2,"minecraft:cornflower":1,"minecraft:sculk_sensor":2,"minecraft:cobblestone":7,"minecraft:oak_planks":3,"minecraft:wheat":13,"minecraft:yellow_bed":1,"minecraft:grass":8,"minecraft:oak_log":3,"minecraft:coal_ore":2,"minecraft:dirt":2}},"DataVersion":3465}