{"stats":{"minecraft:custom":{"minecraft:interact_with_anvil":1,"minecraft:mob_kills":51,"minecraft:interact_with_crafting_table":26,"minecraft:open_barrel":27,"minecraft:damage_dealt_resisted":399,"minecraft:leave_game":15,"minecraft:time_since_death":3459,"minecraft:climb_one_cm":5421,"minecraft:sprint_one_cm":424220,"minecraft:walk_one_cm":321428,"minecraft:damage_blocked_by_shield":715,"minecraft:drop":153,"minecraft:play_time":120466,"minecraft:sneak_time":18439,"minecraft:deaths":22,"minecraft:walk_under_water_one_cm":5714,"minecraft:boat_one_cm":22447,"minecraft:jump":3576,"minecraft:interact_with_blast_furnace":1,"minecraft:walk_on_water_one_cm":16504,"minecraft:total_world_time":120466,"minecraft:interact_with_furnace":3,"minecraft:pot_flower":1,"minecraft:sleep_in_bed":3,"minecraft:time_since_rest":3492,"minecraft:open_enderchest":1,"minecraft:damage_taken":10688,"minecraft:damage_dealt":10311,"minecraft:player_kills":3,"minecraft:swim_one_cm":13933,"minecraft:fly_one_cm":614042,"minecraft:open_chest":55,"minecraft:crouch_one_cm":84964,"minecraft:fall_one_cm":135011},"minecraft:crafted":{"minecraft:oak_planks":8,"minecraft:cooked_mutton":1,"minecraft:iron_boots":1,"minecraft:iron_axe":1,"minecraft:stone_pickaxe":1,"minecraft:dark_oak_planks":4,"minecraft:wheat":90,"minecraft:crafting_table":3,"minecraft:spruce_planks":68,"minecraft:wooden_pickaxe":1,"minecraft:iron_sword":1,"minecraft:stone_axe":1,"minecraft:bread":35,"minecraft:air":0,"minecraft:oak_boat":1,"minecraft:iron_chestplate":1,"minecraft:stick":20,"minecraft:iron_pickaxe":1,"minecraft:acacia_planks":24,"minecraft:diamond_chestplate":1},"minecraft:killed":{"alexsmobs:hummingbird":1,"minecraft:witch":1,"alexsmobs:anaconda":1,"minecraft:spider":1,"minecraft:slime":15,"born_in_chaos_v1:maggot":3,"minecraft:skeleton":12,"born_in_chaos_v1:corpse_fish":1,"born_in_chaos_v1:bonescaller":1,"minecraft:bat":1,"born_in_chaos_v1:decrepit_skeleton":2,"minecraft:zombie":6,"born_in_chaos_v1:dread_hound":2,"born_in_chaos_v1:corpse_fly":3,"born_in_chaos_v1:door_knight":1},"minecraft:killed_by":{"minecraft:creeper":1,"born_in_chaos_v1:zombie_bruiser":1,"mowziesmobs:ferrous_wroughtnaut":3,"minecraft:skeleton":12,"mca:female_villager":1,"iceandfire:fire_dragon":2},"minecraft:dropped":{"minecraft:bread":24,"born_in_chaos_v1:intoxicating_decoction":1,"minecraft:iron_sword":3,"iceandfire:raw_silver":3,"born_in_chaos_v1:shattered_skull":1,"minecraft:wheat_seeds":41,"minecraft:oak_log":1,"minecraft:glass_bottle":4,"minecraft:iron_helmet":3,"iceandfire:armor_copper_metal_chestplate":1,"minecraft:feather":1,"minecraft:cobblestone":10,"minecraft:book":7,"minecraft:copper_ingot":18,"minecraft:coal":37,"minecraft:music_disc_13":1,"minecraft:stick":20,"minecraft:item_frame":1,"minecraft:emerald":9,"born_in_chaos_v1:monster_flesh":2,"minecraft:dirt":6,"born_in_chaos_v1:gnawed_bones":1,"mca:book_romance":1,"minecraft:mud_brick_wall":2,"born_in_chaos_v1:monster_skin":4,"minecraft:torch":14,"minecraft:dark_oak_wood":1,"minecraft:wooden_axe":1,"minecraft:smooth_quartz":2,"minecraft:diamond_helmet":1,"born_in_chaos_v1:stimulating_decoction":2,"minecraft:iron_leggings":2,"minecraft:chain":3,"gravestone:obituary":6,"ribbits:toadstool":1,"minecraft:iron_axe":1,"minecraft:sugar":1,"minecraft:iron_pickaxe":1,"minecraft:cactus":1,"minecraft:dark_oak_planks":1,"minecraft:string":29,"minecraft:lily_pad":1,"minecraft:spruce_sapling":1,"minecraft:pink_tulip":1,"minecraft:dandelion":6,"minecraft:gold_ingot":11,"minecraft:bone":5,"minecraft:white_tulip":3,"minecraft:furnace":2,"minecraft:stone_axe":2,"alexsmobs:animal_dictionary":1,"minecraft:obsidian":6,"minecraft:raw_iron":8,"born_in_chaos_v1:ethereal_spirit":5,"minecraft:rotten_flesh":33,"minecraft:oak_planks":64,"minecraft:iron_boots":1,"minecraft:name_tag":1,"minecraft:spruce_fence":1,"minecraft:carrot":1,"evilcraft:flesh_humanoid":4,"minecraft:chainmail_chestplate":1,"minecraft:diamond_sword":1,"minecraft:poppy":1,"minecraft:potato":2,"minecraft:shield":1,"minecraft:flower_pot":1,"minecraft:gunpowder":19,"aether:iron_gloves":2,"minecraft:waxed_cut_copper":2,"minecraft:spruce_planks":1,"minecraft:iron_chestplate":2,"minecraft:andesite":4,"minecraft:beetroot_seeds":1,"born_in_chaos_v1:corpse_maggot":1,"minecraft:oak_boat":1,"minecraft:acacia_sapling":1,"minecraft:chest":2,"minecraft:slime_ball":2,"minecraft:bow":1,"minecraft:arrow":2,"minecraft:stone_pickaxe":2,"minecraft:wooden_pickaxe":2,"iceandfire:armor_copper_metal_leggings":1},"minecraft:used":{"minecraft:beetroot":1,"iceandfire:armor_copper_metal_leggings":1,"minecraft:spruce_planks":72,"minecraft:shield":9,"minecraft:iron_sword":312,"minecraft:torch":14,"minecraft:carrot":7,"minecraft:milk_bucket":1,"minecraft:dark_oak_planks":3,"minecraft:waxed_cut_copper":6,"minecraft:iron_axe":31,"minecraft:mud_bricks":4,"minecraft:bow":7,"minecraft:iron_leggings":1,"minecraft:acacia_planks":20,"minecraft:cooked_mutton":3,"born_in_chaos_v1:mint_ice_cream":1,"minecraft:oak_planks":71,"minecraft:ender_pearl":2,"minecraft:wooden_pickaxe":9,"minecraft:crafting_table":6,"minecraft:mushroom_stew":1,"minecraft:flower_pot":1,"minecraft:dark_prismarine":2,"minecraft:apple":7,"minecraft:bread":66,"minecraft:iron_pickaxe":92,"minecraft:diamond_sword":2,"minecraft:cobblestone":33,"minecraft:potion":1,"born_in_chaos_v1:rotten_fish":1,"minecraft:yellow_bed":3,"minecraft:oak_boat":1,"minecraft:waxed_cut_copper_stairs":2,"minecraft:dandelion":1},"minecraft:picked_up":{"minecraft:wooden_axe":1,"minecraft:iron_chestplate":7,"minecraft:crafting_table":3,"minecraft:wheat":15,"minecraft:flower_pot":3,"aether:iron_gloves":3,"minecraft:diamond_sword":6,"minecraft:wooden_pickaxe":1,"minecraft:diamond_horse_armor":3,"minecraft:chain":3,"gravestone:obituary":7,"minecraft:shield":5,"minecraft:string":4,"minecraft:iron_axe":1,"minecraft:iron_leggings":6,"born_in_chaos_v1:intoxicating_decoction":1,"minecraft:item_frame":1,"minecraft:iron_shovel":2,"minecraft:beetroot":1,"minecraft:cobbled_deepslate":5,"minecraft:spruce_planks":50,"minecraft:white_tulip":3,"minecraft:oak_boat":1,"minecraft:iron_pickaxe":5,"born_in_chaos_v1:stimulating_decoction":2,"minecraft:chest":2,"minecraft:iron_boots":6,"minecraft:furnace":1,"minecraft:raw_iron":197,"minecraft:stick":2,"ribbits:toadstool":1,"minecraft:acacia_log":6,"minecraft:spruce_fence":1,"minecraft:dark_oak_planks":4,"minecraft:waxed_cut_copper_stairs":2,"minecraft:cactus":3,"minecraft:arrow":22,"minecraft:rotten_flesh":21,"minecraft:beetroot_seeds":1,"minecraft:hay_block":10,"minecraft:gold_ingot":23,"evilcraft:condensed_blood":78,"aether:iron_ring":3,"minecraft:waxed_cut_copper":10,"minecraft:music_disc_wait":3,"minecraft:skeleton_skull":2,"minecraft:cobblestone":16,"born_in_chaos_v1:corpse_maggot":1,"minecraft:mud_bricks":4,"born_in_chaos_v1:monster_flesh":1,"minecraft:andesite":4,"minecraft:leather":2,"minecraft:birch_planks":7,"minecraft:filled_map":3,"minecraft:oak_log":3,"evilcraft:flesh_humanoid":7,"minecraft:lily_pad":1,"minecraft:yellow_bed":3,"minecraft:dirt":4,"born_in_chaos_v1:monster_skin":1,"minecraft:cooked_mutton":2,"minecraft:bone":33,"minecraft:apple":4,"minecraft:bow":2,"minecraft:wheat_seeds":35,"minecraft:iron_ingot":79,"minecraft:diamond_helmet":1,"minecraft:glass_bottle":2,"minecraft:iron_sword":5,"minecraft:oak_planks":50,"minecraft:acacia_sapling":1,"minecraft:book":2,"iceandfire:chared_stone":1,"born_in_chaos_v1:ethereal_spirit":1,"minecraft:dandelion":3,"minecraft:gravel":1,"minecraft:mud_brick_wall":4,"mowziesmobs:wrought_helmet":4,"minecraft:stripped_spruce_log":17,"minecraft:spruce_sapling":1,"minecraft:dark_oak_log":1,"alexsmobs:animal_dictionary":1,"minecraft:dark_prismarine":3,"minecraft:sugar":1,"minecraft:slime_ball":8,"minecraft:diamond":21,"minecraft:stone_axe":1,"evilcraft:dark_gem":9,"minecraft:iron_helmet":2,"minecraft:emerald":2,"born_in_chaos_v1:rotten_fish":1,"minecraft:dark_oak_wood":1,"minecraft:coal":2,"iceandfire:raw_silver":2},"minecraft:mined":{"minecraft:dark_oak_planks":5,"minecraft:dark_prismarine":3,"minecraft:diamond_ore":1,"minecraft:spruce_planks":4,"iceandfire:silver_ore":1,"minecraft:potted_cactus":2,"gravestone:gravestone":3,"minecraft:acacia_log":7,"minecraft:grass_block":1,"ribbits:toadstool":2,"minecraft:spruce_leaves":1,"minecraft:mud_brick_wall":2,"minecraft:mud_bricks":4,"minecraft:spawner":1,"minecraft:hay_block":11,"minecraft:dark_oak_trapdoor":1,"minecraft:iron_ore":10,"minecraft:andesite":2,"minecraft:stripped_spruce_log":17,"evilcraft:dark_ore":1,"minecraft:sculk_shrieker":1,"minecraft:dirt_path":1,"minecraft:vine":2,"iceandfire:gold_pile":1,"minecraft:deepslate_iron_ore":9,"minecraft:white_tulip":1,"minecraft:stone":10,"iceandfire:chared_cobblestone":2,"minecraft:waxed_cut_copper_stairs":3,"minecraft:waxed_cut_copper":11,"minecraft:glass_pane":1,"minecraft:dandelion":2,"minecraft:oak_fence":1,"minecraft:crafting_table":3,"minecraft:cornflower":1,"minecraft:mud_brick_stairs":2,"minecraft:chest":2,"minecraft:sculk_sensor":3,"minecraft:cobblestone":7,"minecraft:slime_block":1,"minecraft:oak_planks":3,"minecraft:lily_pad":1,"minecraft:birch_planks":7,"minecraft:wheat":13,"minecraft:yellow_bed":3,"minecraft:grass":12,"minecraft:coal_ore":2,"minecraft:oak_log":3,"minecraft:dirt":2,"minecraft:cobweb":5,"minecraft:deepslate":9,"iceandfire:chared_stone":1}},"DataVersion":3465}