{"stats":{"minecraft:mined":{"minecraft:hay_block":8,"minecraft:wheat":13,"minecraft:dandelion":2,"minecraft:yellow_bed":1,"minecraft:cornflower":1,"minecraft:grass":8,"minecraft:oak_log":3,"minecraft:dirt_path":1,"minecraft:dirt":2,"minecraft:cobblestone":7,"minecraft:white_tulip":1,"minecraft:oak_planks":3},"minecraft:dropped":{"minecraft:white_tulip":1,"minecraft:dirt":3,"minecraft:wheat_seeds":14,"minecraft:beetroot_seeds":1,"minecraft:wooden_pickaxe":1,"minecraft:dandelion":2,"minecraft:stick":7},"minecraft:killed_by":{"mca:female_villager":1,"born_in_chaos_v1:zombie_bruiser":1},"minecraft:crafted":{"minecraft:oak_planks":8,"minecraft:crafting_table":1,"minecraft:stick":16,"minecraft:wooden_pickaxe":1,"minecraft:stone_pickaxe":1,"minecraft:iron_sword":1,"minecraft:dark_oak_planks":4,"minecraft:stone_axe":1,"minecraft:bread":29,"minecraft:wheat":72},"minecraft:used":{"minecraft:beetroot":1,"minecraft:bread":18,"minecraft:wooden_pickaxe":9,"minecraft:iron_sword":34,"born_in_chaos_v1:rotten_fish":1,"minecraft:crafting_table":1,"minecraft:dandelion":1},"minecraft:killed":{"born_in_chaos_v1:corpse_fly":2,"born_in_chaos_v1:corpse_fish":1,"born_in_chaos_v1:door_knight":1},"minecraft:custom":{"minecraft:time_since_rest":22363,"minecraft:sprint_one_cm":99511,"minecraft:interact_with_furnace":2,"minecraft:damage_taken":1495,"minecraft:walk_one_cm":65565,"minecraft:mob_kills":4,"minecraft:drop":7,"minecraft:damage_dealt":1589,"minecraft:swim_one_cm":2032,"minecraft:interact_with_crafting_table":17,"minecraft:fly_one_cm":144601,"minecraft:player_kills":1,"minecraft:open_chest":3,"minecraft:crouch_one_cm":14074,"minecraft:play_time":31980,"minecraft:deaths":2,"minecraft:sneak_time":3536,"minecraft:walk_under_water_one_cm":2081,"minecraft:damage_dealt_resisted":135,"minecraft:jump":771,"minecraft:leave_game":2,"minecraft:time_since_death":21931,"minecraft:walk_on_water_one_cm":4320,"minecraft:total_world_time":31980,"minecraft:climb_one_cm":464,"minecraft:fall_one_cm":28181},"minecraft:picked_up":{"minecraft:wheat":15,"minecraft:dandelion":3,"minecraft:oak_log":2,"minecraft:shield":1,"gravestone:obituary":1,"minecraft:yellow_bed":1,"minecraft:dark_oak_log":1,"minecraft:dirt":3,"alexsmobs:animal_dictionary":1,"minecraft:bone":3,"minecraft:rotten_flesh":11,"minecraft:beetroot":1,"minecraft:beetroot_seeds":1,"minecraft:wheat_seeds":32,"minecraft:hay_block":8,"minecraft:iron_ingot":4,"minecraft:white_tulip":3,"born_in_chaos_v1:rotten_fish":1,"minecraft:iron_sword":1,"minecraft:oak_planks":3,"minecraft:cobblestone":6}},"DataVersion":3465}