{"stats":{"minecraft:mined":{"minecraft:hay_block":8,"minecraft:wheat":5,"minecraft:dandelion":2,"minecraft:cornflower":1,"minecraft:grass":3,"minecraft:oak_log":1,"minecraft:dirt_path":1,"minecraft:dirt":2,"minecraft:white_tulip":1},"minecraft:dropped":{"minecraft:dirt":3},"minecraft:killed_by":{"mca:female_villager":1,"born_in_chaos_v1:zombie_bruiser":1},"minecraft:crafted":{"minecraft:oak_planks":4,"minecraft:crafting_table":1,"minecraft:stick":8,"minecraft:iron_sword":1,"minecraft:dark_oak_planks":4,"minecraft:bread":26,"minecraft:wheat":72},"minecraft:used":{"minecraft:beetroot":1,"minecraft:bread":3,"minecraft:crafting_table":1,"minecraft:dandelion":1},"minecraft:killed":{"born_in_chaos_v1:corpse_fly":1},"minecraft:custom":{"minecraft:time_since_rest":974,"minecraft:sprint_one_cm":31257,"minecraft:damage_taken":755,"minecraft:walk_one_cm":26183,"minecraft:mob_kills":1,"minecraft:drop":1,"minecraft:damage_dealt":552,"minecraft:interact_with_crafting_table":2,"minecraft:fly_one_cm":48583,"minecraft:open_chest":1,"minecraft:crouch_one_cm":5182,"minecraft:play_time":10591,"minecraft:deaths":2,"minecraft:sneak_time":940,"minecraft:jump":243,"minecraft:leave_game":1,"minecraft:walk_on_water_one_cm":361,"minecraft:time_since_death":542,"minecraft:climb_one_cm":464,"minecraft:total_world_time":10591,"minecraft:fall_one_cm":6300},"minecraft:picked_up":{"minecraft:wheat":6,"minecraft:dandelion":2,"minecraft:oak_log":1,"minecraft:dark_oak_log":1,"alexsmobs:animal_dictionary":1,"minecraft:dirt":3,"minecraft:rotten_flesh":5,"minecraft:beetroot":1,"minecraft:beetroot_seeds":1,"minecraft:wheat_seeds":14,"minecraft:hay_block":8,"minecraft:iron_ingot":2,"minecraft:white_tulip":1}},"DataVersion":3465}