{"stats":{"minecraft:mined":{"minecraft:dandelion":2,"minecraft:cornflower":1,"minecraft:cobblestone":7,"minecraft:oak_planks":3,"minecraft:hay_block":8,"minecraft:wheat":13,"minecraft:yellow_bed":1,"minecraft:grass":8,"minecraft:oak_log":3,"minecraft:dirt_path":1,"minecraft:dirt":2,"minecraft:white_tulip":1},"minecraft:dropped":{"minecraft:furnace":1,"minecraft:white_tulip":3,"born_in_chaos_v1:intoxicating_decoction":1,"minecraft:iron_sword":1,"iceandfire:raw_silver":1,"minecraft:stone_axe":2,"born_in_chaos_v1:shattered_skull":1,"minecraft:wheat_seeds":39,"minecraft:oak_log":1,"minecraft:raw_iron":8,"minecraft:feather":1,"minecraft:iron_helmet":1,"minecraft:rotten_flesh":23,"minecraft:book":3,"minecraft:iron_boots":1,"evilcraft:flesh_humanoid":1,"minecraft:coal":35,"minecraft:chainmail_chestplate":1,"minecraft:stick":18,"minecraft:emerald":1,"minecraft:poppy":1,"minecraft:dirt":3,"minecraft:potato":2,"born_in_chaos_v1:gnawed_bones":1,"minecraft:shield":1,"mca:book_romance":1,"born_in_chaos_v1:monster_skin":1,"minecraft:torch":14,"minecraft:spruce_planks":1,"minecraft:dark_oak_wood":1,"minecraft:wooden_axe":1,"minecraft:beetroot_seeds":1,"minecraft:smooth_quartz":2,"born_in_chaos_v1:stimulating_decoction":2,"minecraft:iron_leggings":1,"gravestone:obituary":2,"minecraft:bow":1,"minecraft:arrow":1,"minecraft:iron_axe":1,"minecraft:stone_pickaxe":2,"minecraft:wooden_pickaxe":2,"minecraft:iron_pickaxe":1,"minecraft:string":2,"minecraft:dandelion":6,"minecraft:bone":3},"minecraft:killed_by":{"mowziesmobs:ferrous_wroughtnaut":3,"mca:female_villager":1,"born_in_chaos_v1:zombie_bruiser":1},"minecraft:crafted":{"minecraft:oak_planks":8,"minecraft:crafting_table":1,"minecraft:wooden_pickaxe":1,"minecraft:iron_sword":1,"minecraft:stone_axe":1,"minecraft:bread":29,"minecraft:stick":16,"minecraft:stone_pickaxe":1,"minecraft:dark_oak_planks":4,"minecraft:wheat":72},"minecraft:used":{"minecraft:beetroot":1,"minecraft:wooden_pickaxe":9,"minecraft:shield":2,"minecraft:iron_sword":53,"minecraft:crafting_table":1,"minecraft:carrot":5,"minecraft:bread":25,"born_in_chaos_v1:rotten_fish":1,"minecraft:yellow_bed":1,"minecraft:dandelion":1},"minecraft:killed":{"minecraft:spider":1,"born_in_chaos_v1:maggot":1,"minecraft:skeleton":1,"minecraft:zombie":1,"born_in_chaos_v1:corpse_fly":2,"born_in_chaos_v1:corpse_fish":1,"born_in_chaos_v1:door_knight":1},"minecraft:custom":{"minecraft:interact_with_furnace":2,"minecraft:mob_kills":8,"minecraft:interact_with_crafting_table":17,"minecraft:damage_dealt_resisted":135,"minecraft:leave_game":3,"minecraft:time_since_death":2273,"minecraft:sleep_in_bed":1,"minecraft:climb_one_cm":464,"minecraft:time_since_rest":2294,"minecraft:sprint_one_cm":139571,"minecraft:damage_taken":3232,"minecraft:walk_one_cm":120557,"minecraft:damage_blocked_by_shield":315,"minecraft:drop":54,"minecraft:damage_dealt":2867,"minecraft:player_kills":2,"minecraft:swim_one_cm":2032,"minecraft:fly_one_cm":187949,"minecraft:open_chest":3,"minecraft:crouch_one_cm":18372,"minecraft:play_time":43830,"minecraft:sneak_time":4733,"minecraft:deaths":5,"minecraft:walk_under_water_one_cm":2081,"minecraft:jump":1064,"minecraft:walk_on_water_one_cm":4667,"minecraft:total_world_time":43830,"minecraft:fall_one_cm":39683},"minecraft:picked_up":{"minecraft:wooden_axe":1,"minecraft:iron_chestplate":1,"minecraft:wheat":15,"minecraft:andesite":2,"minecraft:wooden_pickaxe":1,"minecraft:oak_log":3,"evilcraft:flesh_humanoid":2,"gravestone:obituary":1,"minecraft:yellow_bed":1,"minecraft:shield":2,"minecraft:dirt":3,"born_in_chaos_v1:intoxicating_decoction":1,"minecraft:bone":4,"minecraft:beetroot":1,"minecraft:wheat_seeds":33,"minecraft:iron_ingot":4,"minecraft:white_tulip":3,"born_in_chaos_v1:stimulating_decoction":2,"minecraft:iron_sword":1,"minecraft:oak_planks":3,"minecraft:furnace":1,"minecraft:dandelion":3,"minecraft:spruce_fence":1,"minecraft:dark_oak_log":1,"alexsmobs:animal_dictionary":1,"minecraft:arrow":1,"minecraft:rotten_flesh":12,"minecraft:stone_axe":1,"minecraft:beetroot_seeds":1,"minecraft:hay_block":8,"minecraft:iron_helmet":1,"minecraft:emerald":1,"born_in_chaos_v1:rotten_fish":1,"minecraft:dark_oak_wood":1,"minecraft:cobblestone":6}},"DataVersion":3465}