{"stats":{"minecraft:mined":{"minecraft:hay_block":8,"minecraft:wheat":13,"minecraft:dandelion":2,"minecraft:yellow_bed":1,"minecraft:cornflower":1,"minecraft:grass":3,"minecraft:oak_log":3,"minecraft:dirt_path":1,"minecraft:dirt":2,"minecraft:cobblestone":7,"minecraft:white_tulip":1,"minecraft:oak_planks":3},"minecraft:dropped":{"minecraft:white_tulip":1,"minecraft:dirt":3,"minecraft:wheat_seeds":14,"minecraft:beetroot_seeds":1,"minecraft:wooden_pickaxe":1,"minecraft:dandelion":2,"minecraft:stick":7},"minecraft:killed_by":{"mca:female_villager":1,"born_in_chaos_v1:zombie_bruiser":1},"minecraft:crafted":{"minecraft:oak_planks":8,"minecraft:crafting_table":1,"minecraft:stick":16,"minecraft:wooden_pickaxe":1,"minecraft:stone_pickaxe":1,"minecraft:iron_sword":1,"minecraft:dark_oak_planks":4,"minecraft:stone_axe":1,"minecraft:bread":26,"minecraft:wheat":72},"minecraft:used":{"minecraft:beetroot":1,"minecraft:bread":7,"minecraft:wooden_pickaxe":9,"minecraft:iron_sword":17,"minecraft:crafting_table":1,"minecraft:dandelion":1},"minecraft:killed":{"born_in_chaos_v1:corpse_fly":1,"born_in_chaos_v1:door_knight":1},"minecraft:custom":{"minecraft:time_since_rest":14435,"minecraft:interact_with_furnace":2,"minecraft:sprint_one_cm":62473,"minecraft:damage_taken":955,"minecraft:walk_one_cm":47689,"minecraft:mob_kills":2,"minecraft:drop":7,"minecraft:damage_dealt":1089,"minecraft:player_kills":1,"minecraft:interact_with_crafting_table":16,"minecraft:fly_one_cm":90255,"minecraft:open_chest":3,"minecraft:crouch_one_cm":9556,"minecraft:play_time":24052,"minecraft:deaths":2,"minecraft:sneak_time":2335,"minecraft:jump":453,"minecraft:leave_game":2,"minecraft:time_since_death":14003,"minecraft:walk_on_water_one_cm":1345,"minecraft:climb_one_cm":464,"minecraft:total_world_time":24052,"minecraft:fall_one_cm":13956},"minecraft:picked_up":{"minecraft:wheat":15,"minecraft:dandelion":3,"minecraft:oak_log":2,"gravestone:obituary":1,"minecraft:yellow_bed":1,"alexsmobs:animal_dictionary":1,"minecraft:dark_oak_log":1,"minecraft:dirt":3,"minecraft:bone":2,"minecraft:rotten_flesh":9,"minecraft:beetroot":1,"minecraft:beetroot_seeds":1,"minecraft:wheat_seeds":32,"minecraft:hay_block":8,"minecraft:iron_ingot":4,"minecraft:white_tulip":2,"minecraft:cobblestone":6,"minecraft:oak_planks":3,"minecraft:iron_sword":1}},"DataVersion":3465}