{"stats":{"minecraft:crafted":{"minecraft:crafting_table":1,"minecraft:wooden_pickaxe":1,"minecraft:stone_axe":1,"minecraft:bread":69,"minecraft:stick":20,"minecraft:stone_pickaxe":1,"minecraft:dark_oak_planks":116,"minecraft:torch":28,"minecraft:wheat":207},"minecraft:custom":{"minecraft:mob_kills":1,"minecraft:interact_with_crafting_table":5,"minecraft:bell_ring":2,"minecraft:leave_game":5,"minecraft:time_since_death":10341,"minecraft:sleep_in_bed":2,"minecraft:climb_one_cm":684,"minecraft:time_since_rest":6587,"minecraft:sprint_one_cm":269139,"minecraft:damage_taken":2154,"minecraft:walk_one_cm":220771,"minecraft:drop":10,"minecraft:damage_dealt":418,"minecraft:swim_one_cm":6807,"minecraft:player_kills":1,"minecraft:fly_one_cm":481683,"minecraft:open_chest":7,"minecraft:crouch_one_cm":25369,"minecraft:play_time":85158,"minecraft:deaths":3,"minecraft:sneak_time":6804,"minecraft:walk_under_water_one_cm":4897,"minecraft:jump":2281,"minecraft:walk_on_water_one_cm":8989,"minecraft:total_world_time":85158,"minecraft:fall_one_cm":90285},"minecraft:killed":{"born_in_chaos_v1:decrepit_skeleton":1},"minecraft:killed_by":{"born_in_chaos_v1:nightmare_stalker":1,"born_in_chaos_v1:zombie_lumberjack":1,"iceandfire:stymphalian_bird":1},"minecraft:used":{"minecraft:stone_pickaxe":100,"minecraft:wooden_pickaxe":3,"minecraft:iron_chestplate":2,"minecraft:torch":26,"minecraft:crafting_table":5,"minecraft:white_bed":1,"minecraft:dark_oak_planks":7,"minecraft:iron_axe":10,"minecraft:bread":34,"minecraft:iron_pickaxe":74,"minecraft:stone_axe":49,"alexsmobs:animal_dictionary":4,"minecraft:yellow_bed":1},"minecraft:dropped":{"minecraft:brown_mushroom":1,"minecraft:wheat":1,"minecraft:orange_tulip":1,"minecraft:stone_slab":1,"minecraft:coal":1,"minecraft:dirt":1,"minecraft:mud_bricks":2,"minecraft:andesite":3,"minecraft:string":1,"minecraft:smooth_basalt":5},"minecraft:picked_up":{"minecraft:birch_log":14,"minecraft:crafting_table":8,"minecraft:iron_chestplate":1,"minecraft:wheat":2,"minecraft:mud_bricks":4,"minecraft:andesite":5,"minecraft:smithing_table":2,"minecraft:brown_mushroom":1,"minecraft:stone_slab":2,"minecraft:wooden_pickaxe":1,"aether:iron_gloves":1,"minecraft:red_mushroom":6,"minecraft:oak_log":19,"minecraft:yellow_bed":1,"born_in_chaos_v1:black_argillite":4,"mca:book_romance":1,"minecraft:dirt":2,"minecraft:string":1,"minecraft:iron_axe":2,"minecraft:bone":10,"minecraft:apple":2,"minecraft:bow":1,"minecraft:orange_tulip":2,"minecraft:wheat_seeds":4,"minecraft:iron_ingot":5,"minecraft:stone_pickaxe":1,"minecraft:iron_pickaxe":1,"minecraft:oak_planks":4,"minecraft:furnace":2,"minecraft:book":54,"minecraft:stick":7,"minecraft:raw_iron":48,"minecraft:smooth_basalt":5,"minecraft:torch":19,"minecraft:white_bed":2,"minecraft:dark_oak_log":51,"alexsmobs:animal_dictionary":1,"minecraft:dark_oak_planks":15,"born_in_chaos_v1:fried_maggot":6,"minecraft:stone_axe":1,"evilcraft:dark_gem":13,"minecraft:hay_block":34,"minecraft:emerald":2,"minecraft:bread":26,"minecraft:obsidian":3,"minecraft:coal":148,"iceandfire:raw_silver":12,"minecraft:cobblestone":33},"minecraft:mined":{"minecraft:smithing_table":1,"minecraft:white_bed":1,"iceandfire:silver_ore":13,"minecraft:dark_oak_log":29,"minecraft:crafting_table":6,"minecraft:torch":1,"minecraft:emerald_ore":1,"minecraft:grass_block":1,"born_in_chaos_v1:black_argillite":4,"minecraft:stone_slab":1,"minecraft:mud_bricks":2,"minecraft:oak_planks":4,"minecraft:large_fern":1,"minecraft:hay_block":23,"minecraft:furnace":1,"minecraft:birch_log":7,"minecraft:iron_ore":39,"minecraft:wheat":2,"minecraft:andesite":6,"minecraft:orange_tulip":1,"evilcraft:dark_ore":2,"minecraft:yellow_bed":1,"minecraft:grass":8,"minecraft:bookshelf":9,"minecraft:oak_log":7,"minecraft:coal_ore":83,"minecraft:smooth_basalt":5,"minecraft:azalea_leaves":1,"minecraft:white_tulip":1,"minecraft:stone":20}},"DataVersion":3465}