{"stats":{"minecraft:mined":{"minecraft:hay_block":9,"minecraft:grass":2,"minecraft:wheat":2,"minecraft:orange_tulip":1},"minecraft:dropped":{"minecraft:orange_tulip":1},"minecraft:used":{"alexsmobs:animal_dictionary":2},"minecraft:killed":{"born_in_chaos_v1:decrepit_skeleton":1},"minecraft:custom":{"minecraft:time_since_rest":21355,"minecraft:crouch_one_cm":1299,"minecraft:sprint_one_cm":17870,"minecraft:play_time":21355,"minecraft:damage_taken":40,"minecraft:walk_one_cm":55110,"minecraft:sneak_time":302,"minecraft:mob_kills":1,"minecraft:drop":1,"minecraft:jump":254,"minecraft:damage_dealt":43,"minecraft:leave_game":1,"minecraft:time_since_death":21355,"minecraft:total_world_time":21355,"minecraft:fall_one_cm":8538,"minecraft:fly_one_cm":44498},"minecraft:picked_up":{"minecraft:wheat":1,"minecraft:bone":1,"minecraft:orange_tulip":2,"minecraft:wheat_seeds":4,"minecraft:hay_block":9}},"DataVersion":3465}