{"stats":{"minecraft:custom":{"minecraft:mob_kills":13,"minecraft:interact_with_crafting_table":8,"minecraft:bell_ring":2,"minecraft:damage_dealt_resisted":40,"minecraft:leave_game":7,"minecraft:time_since_death":35063,"minecraft:sleep_in_bed":2,"minecraft:climb_one_cm":886,"minecraft:time_since_rest":31309,"minecraft:sprint_one_cm":418519,"minecraft:damage_taken":3189,"minecraft:walk_one_cm":327611,"minecraft:damage_blocked_by_shield":435,"minecraft:drop":21,"minecraft:damage_dealt":2284,"minecraft:swim_one_cm":11797,"minecraft:player_kills":2,"minecraft:fly_one_cm":768032,"minecraft:open_chest":24,"minecraft:play_time":109880,"minecraft:crouch_one_cm":35090,"minecraft:deaths":3,"minecraft:sneak_time":8501,"minecraft:walk_under_water_one_cm":5821,"minecraft:jump":3604,"minecraft:walk_on_water_one_cm":13198,"minecraft:total_world_time":109880,"minecraft:fall_one_cm":132735},"minecraft:crafted":{"minecraft:oak_planks":48,"minecraft:crafting_table":1,"minecraft:wooden_pickaxe":1,"minecraft:stone_axe":1,"minecraft:bread":69,"minecraft:shield":1,"minecraft:stick":20,"minecraft:stone_pickaxe":1,"minecraft:dark_oak_planks":116,"minecraft:torch":28,"minecraft:wheat":207},"minecraft:killed":{"born_in_chaos_v1:restless_spirit":1,"minecraft:spider":1,"born_in_chaos_v1:decrepit_skeleton":2,"minecraft:sheep":3,"minecraft:skeleton":1,"minecraft:zombie":2,"born_in_chaos_v1:dread_hound":2,"born_in_chaos_v1:corpse_fly":1},"minecraft:killed_by":{"born_in_chaos_v1:nightmare_stalker":1,"born_in_chaos_v1:zombie_lumberjack":1,"iceandfire:stymphalian_bird":1},"minecraft:used":{"minecraft:stone_pickaxe":100,"minecraft:oak_planks":6,"minecraft:wooden_pickaxe":3,"minecraft:shield":7,"minecraft:iron_chestplate":2,"minecraft:torch":28,"minecraft:crafting_table":7,"minecraft:white_bed":1,"minecraft:dark_oak_planks":9,"minecraft:bread":60,"minecraft:iron_axe":80,"minecraft:iron_pickaxe":111,"minecraft:stone_axe":49,"minecraft:cobblestone":15,"alexsmobs:animal_dictionary":4,"minecraft:yellow_bed":1},"minecraft:dropped":{"minecraft:brown_mushroom":1,"born_in_chaos_v1:fried_maggot":6,"minecraft:wheat":1,"minecraft:orange_tulip":1,"minecraft:iron_boots":2,"minecraft:stone_slab":1,"minecraft:coal":1,"minecraft:chainmail_chestplate":1,"minecraft:dirt":1,"minecraft:mud_bricks":2,"born_in_chaos_v1:black_argillite":8,"minecraft:iron_chestplate":1,"minecraft:andesite":7,"minecraft:gold_nugget":10,"minecraft:string":1,"minecraft:dark_oak_planks":19,"minecraft:smooth_basalt":5},"minecraft:picked_up":{"minecraft:birch_log":14,"minecraft:crafting_table":9,"minecraft:iron_chestplate":1,"minecraft:wheat":2,"minecraft:mud_bricks":4,"born_in_chaos_v1:monster_flesh":2,"minecraft:andesite":7,"minecraft:smithing_table":2,"minecraft:brown_mushroom":1,"minecraft:stone_slab":2,"aether:iron_gloves":1,"minecraft:wooden_pickaxe":1,"minecraft:red_mushroom":6,"minecraft:oak_log":19,"minecraft:chainmail_chestplate":1,"minecraft:yellow_bed":1,"mca:book_romance":1,"born_in_chaos_v1:black_argillite":12,"minecraft:string":1,"minecraft:dirt":2,"minecraft:iron_axe":2,"minecraft:iron_leggings":1,"born_in_chaos_v1:monster_skin":1,"minecraft:bone":13,"minecraft:apple":2,"minecraft:bow":1,"minecraft:wheat_seeds":4,"minecraft:orange_tulip":2,"minecraft:gold_nugget":10,"minecraft:cobbled_deepslate":5,"minecraft:iron_ingot":5,"minecraft:stone_pickaxe":1,"minecraft:iron_pickaxe":1,"minecraft:chest":1,"minecraft:oak_planks":4,"minecraft:iron_boots":2,"minecraft:furnace":2,"minecraft:book":54,"minecraft:stick":7,"minecraft:raw_iron":48,"minecraft:smooth_basalt":5,"minecraft:torch":19,"minecraft:white_bed":2,"minecraft:dark_oak_log":51,"alexsmobs:animal_dictionary":1,"minecraft:dark_oak_planks":16,"born_in_chaos_v1:fried_maggot":12,"minecraft:stone_axe":1,"minecraft:hay_block":34,"evilcraft:dark_gem":23,"minecraft:iron_helmet":1,"minecraft:bread":26,"minecraft:emerald":6,"minecraft:obsidian":3,"minecraft:mutton":4,"minecraft:coal":148,"iceandfire:raw_silver":25,"minecraft:white_wool":2,"minecraft:cobblestone":33},"minecraft:mined":{"minecraft:smithing_table":1,"minecraft:white_bed":1,"iceandfire:silver_ore":24,"minecraft:dark_oak_log":29,"minecraft:crafting_table":7,"minecraft:torch":1,"minecraft:emerald_ore":6,"minecraft:grass_block":1,"born_in_chaos_v1:black_argillite":4,"iceandfire:deepslate_silver_ore":2,"minecraft:stone_slab":1,"minecraft:mud_bricks":2,"minecraft:oak_planks":4,"minecraft:sculk":18,"minecraft:large_fern":1,"minecraft:hay_block":23,"minecraft:furnace":1,"evilcraft:dark_ore_deepslate":2,"minecraft:birch_log":7,"minecraft:iron_ore":40,"minecraft:fire":1,"minecraft:wheat":2,"minecraft:andesite":8,"minecraft:orange_tulip":1,"evilcraft:dark_ore":2,"minecraft:yellow_bed":1,"minecraft:grass":9,"minecraft:bookshelf":9,"minecraft:coal_ore":83,"minecraft:oak_log":7,"iceandfire:gold_pile":1,"minecraft:smooth_basalt":5,"minecraft:azalea_leaves":1,"minecraft:stone":20,"minecraft:white_tulip":1,"minecraft:deepslate":7,"iceandfire:chared_stone":6}},"DataVersion":3465}