{"stats":{"minecraft:custom":{"minecraft:mob_kills":21,"minecraft:interact_with_crafting_table":18,"minecraft:open_barrel":1,"minecraft:bell_ring":2,"minecraft:damage_dealt_resisted":40,"minecraft:leave_game":10,"minecraft:time_since_death":40300,"minecraft:climb_one_cm":4481,"minecraft:sprint_one_cm":579464,"minecraft:walk_one_cm":521606,"minecraft:damage_blocked_by_shield":765,"minecraft:drop":52,"minecraft:play_time":155345,"minecraft:deaths":4,"minecraft:sneak_time":15736,"minecraft:walk_under_water_one_cm":10215,"minecraft:jump":5015,"minecraft:interact_with_blast_furnace":10,"minecraft:walk_on_water_one_cm":22455,"minecraft:total_world_time":155345,"minecraft:interact_with_furnace":18,"minecraft:sleep_in_bed":2,"minecraft:time_since_rest":40326,"minecraft:open_enderchest":1,"minecraft:damage_taken":4571,"minecraft:damage_dealt":3147,"minecraft:swim_one_cm":11797,"minecraft:fly_one_cm":1019994,"minecraft:player_kills":2,"minecraft:open_chest":42,"minecraft:crouch_one_cm":86011,"minecraft:fall_one_cm":186439},"minecraft:crafted":{"minecraft:oak_planks":56,"minecraft:cooked_mutton":7,"minecraft:diamond_helmet":1,"minecraft:diamond_leggings":1,"minecraft:stone_pickaxe":1,"minecraft:diamond_boots":1,"minecraft:dark_oak_planks":116,"minecraft:wheat":207,"iceandfire:silver_ingot":25,"minecraft:crafting_table":1,"minecraft:wooden_pickaxe":1,"minecraft:stone_axe":1,"minecraft:air":0,"minecraft:bread":69,"minecraft:shield":1,"minecraft:stick":40,"minecraft:white_bed":2,"minecraft:acacia_planks":160,"minecraft:torch":64,"minecraft:diamond_chestplate":1},"minecraft:killed":{"iceandfire:hippogryph":1,"born_in_chaos_v1:restless_spirit":1,"minecraft:spider":2,"minecraft:skeleton":2,"born_in_chaos_v1:decrepit_skeleton":2,"minecraft:sheep":7,"minecraft:zombie":2,"born_in_chaos_v1:dread_hound":3,"born_in_chaos_v1:corpse_fly":1},"minecraft:killed_by":{"born_in_chaos_v1:nightmare_stalker":1,"born_in_chaos_v1:zombie_lumberjack":1,"iceandfire:stymphalian_bird":1,"minecraft:skeleton":1},"minecraft:used":{"minecraft:chest":1,"minecraft:shield":12,"minecraft:iron_chestplate":2,"minecraft:torch":44,"minecraft:dark_oak_planks":76,"minecraft:iron_axe":148,"minecraft:furnace":2,"minecraft:acacia_planks":39,"minecraft:cooked_mutton":5,"minecraft:stone_pickaxe":100,"minecraft:oak_planks":53,"minecraft:wooden_pickaxe":3,"minecraft:crafting_table":11,"minecraft:blast_furnace":2,"minecraft:white_bed":3,"born_in_chaos_v1:monster_flesh":1,"minecraft:bread":74,"minecraft:iron_pickaxe":138,"quark:crimson_chest":1,"minecraft:stone_axe":68,"minecraft:cobblestone":15,"minecraft:yellow_bed":1,"alexsmobs:animal_dictionary":4},"minecraft:dropped":{"minecraft:brown_mushroom":1,"minecraft:wheat_seeds":1,"born_in_chaos_v1:fried_maggot":18,"minecraft:crafting_table":1,"minecraft:orange_tulip":1,"minecraft:iron_helmet":1,"minecraft:glow_item_frame":1,"minecraft:warped_roots":1,"minecraft:apple":4,"minecraft:copper_ingot":10,"minecraft:coal":2,"born_in_chaos_v1:monster_flesh":2,"minecraft:packed_mud":1,"minecraft:dirt":1,"born_in_chaos_v1:black_argillite":8,"minecraft:dark_oak_fence":2,"minecraft:cornflower":2,"minecraft:iron_leggings":1,"minecraft:green_carpet":1,"gravestone:obituary":1,"minecraft:gold_nugget":10,"minecraft:dark_oak_planks":19,"minecraft:string":1,"minecraft:smooth_basalt":5,"minecraft:gravel":2,"minecraft:cobbled_deepslate":5,"minecraft:wheat":1,"minecraft:black_terracotta":1,"minecraft:oak_planks":1,"minecraft:iron_boots":3,"minecraft:stone_slab":1,"minecraft:cooked_mutton":2,"minecraft:chainmail_chestplate":1,"minecraft:mud_bricks":3,"minecraft:waxed_cut_copper":2,"minecraft:iron_chestplate":2,"minecraft:andesite":7,"minecraft:wooden_pickaxe":1,"minecraft:dark_prismarine":3},"minecraft:picked_up":{"quark:crimson_chest":1,"minecraft:crafting_table":14,"minecraft:iron_chestplate":1,"minecraft:wheat":2,"minecraft:wooden_pickaxe":2,"minecraft:smithing_table":2,"minecraft:brown_mushroom":1,"minecraft:stone_slab":2,"aether:iron_gloves":1,"gravestone:obituary":1,"born_in_chaos_v1:black_argillite":12,"minecraft:cornflower":2,"minecraft:string":2,"minecraft:iron_axe":2,"minecraft:iron_leggings":1,"minecraft:cobbled_deepslate":5,"minecraft:gold_nugget":10,"minecraft:ender_eye":2,"minecraft:iron_pickaxe":1,"minecraft:chest":1,"minecraft:iron_boots":2,"minecraft:furnace":4,"minecraft:stick":9,"minecraft:raw_iron":52,"minecraft:glow_item_frame":1,"minecraft:torch":19,"minecraft:acacia_log":40,"minecraft:dark_oak_planks":16,"born_in_chaos_v1:fried_maggot":18,"minecraft:arrow":2,"minecraft:hay_block":34,"minecraft:waxed_cut_copper":2,"minecraft:mutton":8,"minecraft:obsidian":3,"minecraft:cobblestone":39,"minecraft:white_wool":6,"minecraft:birch_log":14,"minecraft:mud_bricks":5,"born_in_chaos_v1:monster_flesh":3,"minecraft:andesite":7,"minecraft:red_mushroom":6,"minecraft:packed_mud":1,"minecraft:oak_log":19,"minecraft:chainmail_chestplate":1,"minecraft:yellow_bed":1,"mca:book_romance":1,"minecraft:dirt":2,"born_in_chaos_v1:monster_skin":1,"minecraft:bone":16,"minecraft:apple":2,"minecraft:bow":1,"minecraft:orange_tulip":2,"minecraft:wheat_seeds":5,"minecraft:iron_ingot":5,"minecraft:stone_pickaxe":1,"minecraft:oak_planks":5,"minecraft:book":79,"minecraft:smooth_basalt":5,"minecraft:black_terracotta":1,"minecraft:gravel":2,"minecraft:blast_furnace":3,"minecraft:white_bed":2,"minecraft:spider_eye":1,"minecraft:green_carpet":1,"minecraft:dark_oak_log":51,"alexsmobs:animal_dictionary":1,"minecraft:dark_prismarine":3,"minecraft:oak_wood":2,"minecraft:stone_axe":1,"evilcraft:dark_gem":23,"minecraft:iron_helmet":1,"minecraft:warped_roots":1,"minecraft:emerald":6,"minecraft:bread":26,"minecraft:dark_oak_fence":2,"minecraft:coal":148,"minecraft:bricks":3,"iceandfire:raw_silver":25},"minecraft:mined":{"minecraft:dark_prismarine":3,"minecraft:white_bed":1,"iceandfire:silver_ore":24,"minecraft:black_terracotta":1,"minecraft:dark_oak_log":29,"minecraft:dark_oak_fence":2,"minecraft:chiseled_bookshelf":4,"minecraft:acacia_log":40,"minecraft:grass_block":1,"born_in_chaos_v1:black_argillite":4,"iceandfire:deepslate_silver_ore":2,"minecraft:mud_bricks":3,"minecraft:large_fern":1,"minecraft:hay_block":23,"minecraft:furnace":3,"minecraft:packed_mud":1,"minecraft:iron_ore":44,"minecraft:fire":1,"minecraft:andesite":8,"evilcraft:dark_ore":2,"minecraft:bookshelf":12,"iceandfire:gold_pile":1,"minecraft:green_carpet":1,"minecraft:azalea_leaves":1,"minecraft:white_tulip":1,"minecraft:blue_orchid":1,"minecraft:stone":27,"minecraft:waxed_cut_copper":2,"minecraft:smithing_table":1,"minecraft:crafting_table":11,"minecraft:cornflower":1,"minecraft:torch":1,"minecraft:blast_furnace":3,"minecraft:emerald_ore":6,"minecraft:oak_wood":2,"minecraft:warped_roots":1,"minecraft:stone_slab":1,"minecraft:oak_planks":5,"minecraft:bricks":3,"minecraft:sculk":18,"evilcraft:dark_ore_deepslate":2,"minecraft:birch_log":7,"minecraft:wheat":2,"minecraft:orange_tulip":1,"minecraft:yellow_bed":1,"minecraft:grass":9,"minecraft:oak_log":7,"minecraft:coal_ore":83,"minecraft:gravel":1,"minecraft:smooth_basalt":5,"quark:crimson_chest":1,"minecraft:deepslate":7,"iceandfire:chared_stone":6}},"DataVersion":3465}