{"stats":{"minecraft:mined":{"minecraft:hay_block":23,"minecraft:white_bed":1,"minecraft:birch_log":7,"minecraft:iron_ore":9,"minecraft:wheat":2,"minecraft:dark_oak_log":29,"minecraft:orange_tulip":1,"minecraft:crafting_table":4,"minecraft:grass":4,"minecraft:coal_ore":2,"minecraft:stone_slab":1,"minecraft:stone":16,"minecraft:oak_planks":4},"minecraft:dropped":{"minecraft:orange_tulip":1},"minecraft:crafted":{"minecraft:crafting_table":1,"minecraft:stick":20,"minecraft:wooden_pickaxe":1,"minecraft:stone_pickaxe":1,"minecraft:dark_oak_planks":28,"minecraft:stone_axe":1,"minecraft:bread":36,"minecraft:wheat":108},"minecraft:used":{"minecraft:bread":5,"minecraft:stone_pickaxe":25,"minecraft:wooden_pickaxe":3,"minecraft:stone_axe":30,"minecraft:crafting_table":4,"alexsmobs:animal_dictionary":2},"minecraft:killed":{"born_in_chaos_v1:decrepit_skeleton":1},"minecraft:custom":{"minecraft:time_since_rest":33355,"minecraft:sprint_one_cm":41576,"minecraft:damage_taken":140,"minecraft:walk_one_cm":82929,"minecraft:mob_kills":1,"minecraft:drop":1,"minecraft:damage_dealt":43,"minecraft:fly_one_cm":92790,"minecraft:interact_with_crafting_table":4,"minecraft:crouch_one_cm":5972,"minecraft:play_time":33355,"minecraft:sneak_time":2151,"minecraft:jump":470,"minecraft:leave_game":1,"minecraft:time_since_death":33355,"minecraft:total_world_time":33355,"minecraft:fall_one_cm":16037},"minecraft:picked_up":{"minecraft:birch_log":7,"minecraft:raw_iron":9,"minecraft:crafting_table":4,"minecraft:wheat":1,"minecraft:stone_slab":1,"minecraft:white_bed":1,"minecraft:dark_oak_log":29,"minecraft:bone":3,"minecraft:wheat_seeds":4,"minecraft:orange_tulip":2,"minecraft:hay_block":23,"minecraft:coal":2,"minecraft:oak_planks":4,"minecraft:cobblestone":16}},"DataVersion":3465}