{"stats":{"minecraft:mined":{"minecraft:smithing_table":1,"minecraft:white_bed":1,"iceandfire:silver_ore":6,"minecraft:dark_oak_log":29,"minecraft:crafting_table":5,"minecraft:torch":1,"minecraft:emerald_ore":1,"minecraft:grass_block":1,"minecraft:stone_slab":1,"minecraft:mud_bricks":2,"minecraft:oak_planks":4,"minecraft:large_fern":1,"minecraft:hay_block":23,"minecraft:furnace":1,"minecraft:birch_log":7,"minecraft:iron_ore":18,"minecraft:wheat":2,"minecraft:andesite":3,"minecraft:orange_tulip":1,"minecraft:yellow_bed":1,"minecraft:grass":8,"minecraft:bookshelf":9,"minecraft:oak_log":7,"minecraft:coal_ore":82,"minecraft:smooth_basalt":5,"minecraft:azalea_leaves":1,"minecraft:stone":19,"minecraft:white_tulip":1},"minecraft:dropped":{"minecraft:brown_mushroom":1,"minecraft:wheat":1,"minecraft:orange_tulip":1,"minecraft:stone_slab":1,"minecraft:coal":1,"minecraft:mud_bricks":2,"minecraft:string":1},"minecraft:killed_by":{"born_in_chaos_v1:zombie_lumberjack":1,"iceandfire:stymphalian_bird":1},"minecraft:crafted":{"minecraft:crafting_table":1,"minecraft:wooden_pickaxe":1,"minecraft:stone_axe":1,"minecraft:bread":36,"minecraft:stick":20,"minecraft:stone_pickaxe":1,"minecraft:dark_oak_planks":116,"minecraft:torch":28,"minecraft:wheat":108},"minecraft:used":{"minecraft:stone_pickaxe":100,"minecraft:wooden_pickaxe":3,"minecraft:iron_chestplate":2,"minecraft:torch":11,"minecraft:crafting_table":4,"minecraft:white_bed":1,"minecraft:dark_oak_planks":3,"minecraft:iron_axe":10,"minecraft:bread":29,"minecraft:iron_pickaxe":35,"minecraft:stone_axe":48,"alexsmobs:animal_dictionary":4,"minecraft:yellow_bed":1},"minecraft:killed":{"born_in_chaos_v1:decrepit_skeleton":1},"minecraft:custom":{"minecraft:mob_kills":1,"minecraft:interact_with_crafting_table":4,"minecraft:bell_ring":2,"minecraft:leave_game":4,"minecraft:time_since_death":24870,"minecraft:sleep_in_bed":1,"minecraft:climb_one_cm":684,"minecraft:time_since_rest":7364,"minecraft:sprint_one_cm":205218,"minecraft:damage_taken":1658,"minecraft:walk_one_cm":193418,"minecraft:drop":7,"minecraft:damage_dealt":418,"minecraft:swim_one_cm":5643,"minecraft:player_kills":1,"minecraft:fly_one_cm":407501,"minecraft:open_chest":7,"minecraft:crouch_one_cm":21948,"minecraft:play_time":73138,"minecraft:deaths":2,"minecraft:sneak_time":5884,"minecraft:walk_under_water_one_cm":3117,"minecraft:jump":1928,"minecraft:walk_on_water_one_cm":6625,"minecraft:total_world_time":73138,"minecraft:fall_one_cm":73287},"minecraft:picked_up":{"minecraft:birch_log":14,"minecraft:iron_chestplate":1,"minecraft:crafting_table":7,"minecraft:wheat":2,"minecraft:mud_bricks":4,"minecraft:andesite":3,"minecraft:smithing_table":2,"minecraft:brown_mushroom":1,"minecraft:stone_slab":2,"minecraft:wooden_pickaxe":1,"aether:iron_gloves":1,"minecraft:red_mushroom":6,"minecraft:oak_log":19,"minecraft:yellow_bed":1,"mca:book_romance":1,"minecraft:string":1,"minecraft:dirt":2,"minecraft:iron_axe":2,"minecraft:bone":10,"minecraft:apple":2,"minecraft:bow":1,"minecraft:orange_tulip":2,"minecraft:wheat_seeds":4,"minecraft:iron_ingot":5,"minecraft:stone_pickaxe":1,"minecraft:iron_pickaxe":1,"minecraft:oak_planks":4,"minecraft:furnace":2,"minecraft:book":54,"minecraft:stick":7,"minecraft:raw_iron":27,"minecraft:smooth_basalt":5,"minecraft:torch":19,"minecraft:white_bed":2,"minecraft:dark_oak_log":51,"alexsmobs:animal_dictionary":1,"minecraft:dark_oak_planks":15,"born_in_chaos_v1:fried_maggot":6,"minecraft:stone_axe":1,"minecraft:hay_block":34,"minecraft:emerald":2,"minecraft:bread":26,"minecraft:obsidian":3,"minecraft:coal":147,"iceandfire:raw_silver":5,"minecraft:cobblestone":32}},"DataVersion":3465}