{"stats":{"minecraft:mined":{"minecraft:smithing_table":1,"minecraft:white_bed":1,"minecraft:dark_oak_log":29,"minecraft:crafting_table":5,"minecraft:torch":1,"minecraft:grass_block":1,"minecraft:stone_slab":1,"minecraft:mud_bricks":2,"minecraft:oak_planks":4,"minecraft:large_fern":1,"minecraft:hay_block":23,"minecraft:furnace":1,"minecraft:birch_log":7,"minecraft:iron_ore":9,"minecraft:wheat":2,"minecraft:orange_tulip":1,"minecraft:yellow_bed":1,"minecraft:grass":6,"minecraft:bookshelf":9,"minecraft:coal_ore":72,"minecraft:oak_log":7,"minecraft:azalea_leaves":1,"minecraft:stone":18},"minecraft:dropped":{"minecraft:brown_mushroom":1,"minecraft:wheat":1,"minecraft:orange_tulip":1,"minecraft:stone_slab":1,"minecraft:coal":1,"minecraft:mud_bricks":2},"minecraft:killed_by":{"born_in_chaos_v1:zombie_lumberjack":1,"iceandfire:stymphalian_bird":1},"minecraft:crafted":{"minecraft:crafting_table":1,"minecraft:wooden_pickaxe":1,"minecraft:stone_axe":1,"minecraft:bread":36,"minecraft:stick":20,"minecraft:stone_pickaxe":1,"minecraft:dark_oak_planks":28,"minecraft:torch":28,"minecraft:wheat":108},"minecraft:used":{"minecraft:stone_pickaxe":100,"minecraft:wooden_pickaxe":3,"minecraft:iron_chestplate":2,"minecraft:torch":9,"minecraft:crafting_table":4,"minecraft:bread":13,"minecraft:stone_axe":48,"minecraft:yellow_bed":1,"alexsmobs:animal_dictionary":4},"minecraft:killed":{"born_in_chaos_v1:decrepit_skeleton":1},"minecraft:custom":{"minecraft:mob_kills":1,"minecraft:interact_with_crafting_table":4,"minecraft:bell_ring":2,"minecraft:leave_game":2,"minecraft:time_since_death":2075,"minecraft:climb_one_cm":684,"minecraft:time_since_rest":2098,"minecraft:sprint_one_cm":135253,"minecraft:damage_taken":1030,"minecraft:walk_one_cm":132792,"minecraft:drop":6,"minecraft:damage_dealt":73,"minecraft:swim_one_cm":2271,"minecraft:fly_one_cm":270538,"minecraft:open_chest":7,"minecraft:crouch_one_cm":9373,"minecraft:play_time":50343,"minecraft:deaths":2,"minecraft:sneak_time":3246,"minecraft:walk_under_water_one_cm":768,"minecraft:jump":1219,"minecraft:walk_on_water_one_cm":3625,"minecraft:total_world_time":50343,"minecraft:fall_one_cm":44428},"minecraft:picked_up":{"minecraft:birch_log":14,"minecraft:crafting_table":7,"minecraft:iron_chestplate":1,"minecraft:wheat":2,"minecraft:mud_bricks":4,"minecraft:brown_mushroom":1,"minecraft:smithing_table":2,"minecraft:stone_slab":2,"aether:iron_gloves":1,"minecraft:wooden_pickaxe":1,"minecraft:red_mushroom":6,"minecraft:oak_log":17,"minecraft:yellow_bed":1,"mca:book_romance":1,"minecraft:dirt":1,"minecraft:iron_axe":2,"minecraft:bone":6,"minecraft:apple":2,"minecraft:bow":1,"minecraft:orange_tulip":2,"minecraft:wheat_seeds":4,"minecraft:iron_ingot":5,"minecraft:stone_pickaxe":1,"minecraft:iron_pickaxe":1,"minecraft:oak_planks":4,"minecraft:furnace":2,"minecraft:book":54,"minecraft:stick":7,"minecraft:raw_iron":18,"minecraft:torch":19,"minecraft:white_bed":2,"minecraft:dark_oak_log":51,"alexsmobs:animal_dictionary":1,"minecraft:dark_oak_planks":15,"minecraft:stone_axe":1,"minecraft:hay_block":34,"minecraft:bread":26,"minecraft:emerald":1,"minecraft:obsidian":3,"minecraft:coal":137,"minecraft:cobblestone":30}},"DataVersion":3465}