{"stats":{"minecraft:mined":{"minecraft:hay_block":23,"minecraft:white_bed":1,"minecraft:birch_log":7,"minecraft:iron_ore":9,"minecraft:wheat":2,"minecraft:dark_oak_log":29,"minecraft:orange_tulip":1,"minecraft:crafting_table":4,"minecraft:grass":4,"minecraft:oak_log":7,"minecraft:coal_ore":72,"minecraft:stone_slab":1,"minecraft:stone":18,"minecraft:oak_planks":4},"minecraft:dropped":{"minecraft:orange_tulip":1},"minecraft:crafted":{"minecraft:crafting_table":1,"minecraft:stick":20,"minecraft:wooden_pickaxe":1,"minecraft:stone_pickaxe":1,"minecraft:dark_oak_planks":28,"minecraft:torch":28,"minecraft:stone_axe":1,"minecraft:bread":36,"minecraft:wheat":108},"minecraft:used":{"minecraft:bread":8,"minecraft:stone_pickaxe":97,"minecraft:wooden_pickaxe":3,"minecraft:stone_axe":37,"minecraft:torch":5,"minecraft:crafting_table":4,"alexsmobs:animal_dictionary":4},"minecraft:killed":{"born_in_chaos_v1:decrepit_skeleton":1},"minecraft:custom":{"minecraft:time_since_rest":39355,"minecraft:sprint_one_cm":76580,"minecraft:damage_taken":290,"minecraft:walk_one_cm":99474,"minecraft:mob_kills":1,"minecraft:drop":1,"minecraft:damage_dealt":43,"minecraft:swim_one_cm":1600,"minecraft:fly_one_cm":141757,"minecraft:interact_with_crafting_table":4,"minecraft:open_chest":3,"minecraft:crouch_one_cm":8236,"minecraft:play_time":39355,"minecraft:sneak_time":3008,"minecraft:walk_under_water_one_cm":54,"minecraft:jump":709,"minecraft:walk_on_water_one_cm":172,"minecraft:leave_game":1,"minecraft:time_since_death":39355,"minecraft:total_world_time":39355,"minecraft:fall_one_cm":24860},"minecraft:picked_up":{"minecraft:birch_log":7,"minecraft:raw_iron":9,"minecraft:crafting_table":4,"minecraft:wheat":1,"minecraft:stone_slab":1,"minecraft:oak_log":7,"minecraft:white_bed":1,"minecraft:dark_oak_log":29,"minecraft:bone":3,"minecraft:wheat_seeds":4,"minecraft:orange_tulip":2,"minecraft:hay_block":23,"minecraft:coal":72,"minecraft:oak_planks":4,"minecraft:cobblestone":18}},"DataVersion":3465}