{"stats":{"minecraft:custom":{"minecraft:mob_kills":19,"minecraft:interact_with_crafting_table":10,"minecraft:open_barrel":1,"minecraft:bell_ring":2,"minecraft:damage_dealt_resisted":40,"minecraft:leave_game":8,"minecraft:time_since_death":17047,"minecraft:climb_one_cm":3605,"minecraft:sprint_one_cm":526199,"minecraft:walk_one_cm":413905,"minecraft:damage_blocked_by_shield":705,"minecraft:drop":34,"minecraft:play_time":132092,"minecraft:deaths":4,"minecraft:sneak_time":12678,"minecraft:walk_under_water_one_cm":5821,"minecraft:jump":4590,"minecraft:interact_with_blast_furnace":1,"minecraft:walk_on_water_one_cm":17281,"minecraft:total_world_time":132092,"minecraft:interact_with_furnace":9,"minecraft:sleep_in_bed":2,"minecraft:time_since_rest":17073,"minecraft:open_enderchest":1,"minecraft:damage_taken":4318,"minecraft:damage_dealt":2868,"minecraft:swim_one_cm":11797,"minecraft:fly_one_cm":962597,"minecraft:player_kills":2,"minecraft:open_chest":39,"minecraft:crouch_one_cm":67756,"minecraft:fall_one_cm":171752},"minecraft:crafted":{"minecraft:oak_planks":56,"minecraft:cooked_mutton":4,"minecraft:stone_pickaxe":1,"minecraft:dark_oak_planks":116,"minecraft:wheat":207,"minecraft:crafting_table":1,"minecraft:wooden_pickaxe":1,"minecraft:stone_axe":1,"minecraft:air":0,"minecraft:bread":69,"minecraft:shield":1,"minecraft:stick":20,"minecraft:white_bed":1,"minecraft:torch":64},"minecraft:killed":{"iceandfire:hippogryph":1,"born_in_chaos_v1:restless_spirit":1,"minecraft:spider":1,"minecraft:skeleton":2,"born_in_chaos_v1:decrepit_skeleton":2,"minecraft:sheep":7,"minecraft:zombie":2,"born_in_chaos_v1:dread_hound":2,"born_in_chaos_v1:corpse_fly":1},"minecraft:killed_by":{"born_in_chaos_v1:nightmare_stalker":1,"born_in_chaos_v1:zombie_lumberjack":1,"iceandfire:stymphalian_bird":1,"minecraft:skeleton":1},"minecraft:used":{"minecraft:chest":1,"minecraft:shield":10,"minecraft:iron_chestplate":2,"minecraft:torch":33,"minecraft:dark_oak_planks":76,"minecraft:iron_axe":96,"minecraft:furnace":2,"minecraft:cooked_mutton":2,"minecraft:stone_pickaxe":100,"minecraft:oak_planks":39,"minecraft:wooden_pickaxe":3,"minecraft:crafting_table":9,"minecraft:blast_furnace":1,"minecraft:white_bed":2,"minecraft:bread":74,"minecraft:iron_pickaxe":120,"quark:crimson_chest":1,"minecraft:stone_axe":61,"minecraft:cobblestone":15,"minecraft:yellow_bed":1,"alexsmobs:animal_dictionary":4},"minecraft:dropped":{"minecraft:wheat_seeds":1,"minecraft:brown_mushroom":1,"born_in_chaos_v1:fried_maggot":18,"minecraft:crafting_table":1,"minecraft:orange_tulip":1,"minecraft:apple":4,"minecraft:coal":2,"minecraft:dirt":1,"born_in_chaos_v1:black_argillite":8,"minecraft:gold_nugget":10,"minecraft:dark_oak_planks":19,"minecraft:string":1,"minecraft:smooth_basalt":5,"minecraft:gravel":2,"minecraft:cobbled_deepslate":5,"minecraft:wheat":1,"minecraft:black_terracotta":1,"minecraft:iron_boots":2,"minecraft:stone_slab":1,"minecraft:cooked_mutton":2,"minecraft:chainmail_chestplate":1,"minecraft:mud_bricks":3,"minecraft:iron_chestplate":1,"minecraft:andesite":7},"minecraft:picked_up":{"quark:crimson_chest":1,"minecraft:crafting_table":11,"minecraft:iron_chestplate":1,"minecraft:wheat":2,"minecraft:wooden_pickaxe":1,"minecraft:smithing_table":2,"minecraft:brown_mushroom":1,"minecraft:stone_slab":2,"aether:iron_gloves":1,"born_in_chaos_v1:black_argillite":12,"minecraft:string":1,"minecraft:iron_axe":2,"minecraft:iron_leggings":1,"minecraft:cobbled_deepslate":5,"minecraft:gold_nugget":10,"minecraft:iron_pickaxe":1,"minecraft:chest":1,"minecraft:iron_boots":2,"minecraft:furnace":3,"minecraft:stick":9,"minecraft:raw_iron":48,"minecraft:torch":19,"minecraft:dark_oak_planks":16,"born_in_chaos_v1:fried_maggot":18,"minecraft:arrow":2,"minecraft:hay_block":34,"minecraft:mutton":8,"minecraft:obsidian":3,"minecraft:cobblestone":33,"minecraft:white_wool":6,"minecraft:birch_log":14,"minecraft:mud_bricks":5,"born_in_chaos_v1:monster_flesh":2,"minecraft:andesite":7,"minecraft:red_mushroom":6,"minecraft:packed_mud":1,"minecraft:oak_log":19,"minecraft:chainmail_chestplate":1,"minecraft:yellow_bed":1,"mca:book_romance":1,"minecraft:dirt":2,"born_in_chaos_v1:monster_skin":1,"minecraft:bone":16,"minecraft:apple":2,"minecraft:bow":1,"minecraft:orange_tulip":2,"minecraft:wheat_seeds":5,"minecraft:iron_ingot":5,"minecraft:stone_pickaxe":1,"minecraft:oak_planks":5,"minecraft:book":70,"minecraft:smooth_basalt":5,"minecraft:black_terracotta":1,"minecraft:gravel":2,"minecraft:blast_furnace":1,"minecraft:white_bed":2,"minecraft:dark_oak_log":51,"alexsmobs:animal_dictionary":1,"minecraft:oak_wood":2,"minecraft:stone_axe":1,"evilcraft:dark_gem":23,"minecraft:iron_helmet":1,"minecraft:emerald":6,"minecraft:bread":26,"minecraft:coal":148,"minecraft:bricks":3,"iceandfire:raw_silver":25},"minecraft:mined":{"minecraft:white_bed":1,"iceandfire:silver_ore":24,"minecraft:black_terracotta":1,"minecraft:dark_oak_log":29,"minecraft:chiseled_bookshelf":4,"minecraft:grass_block":1,"born_in_chaos_v1:black_argillite":4,"iceandfire:deepslate_silver_ore":2,"minecraft:mud_bricks":3,"minecraft:large_fern":1,"minecraft:hay_block":23,"minecraft:furnace":2,"minecraft:packed_mud":1,"minecraft:iron_ore":40,"minecraft:fire":1,"minecraft:andesite":8,"evilcraft:dark_ore":2,"minecraft:bookshelf":9,"iceandfire:gold_pile":1,"minecraft:azalea_leaves":1,"minecraft:blue_orchid":1,"minecraft:white_tulip":1,"minecraft:stone":21,"minecraft:smithing_table":1,"minecraft:crafting_table":8,"minecraft:torch":1,"minecraft:blast_furnace":1,"minecraft:emerald_ore":6,"minecraft:oak_wood":2,"minecraft:stone_slab":1,"minecraft:oak_planks":5,"minecraft:bricks":3,"minecraft:sculk":18,"evilcraft:dark_ore_deepslate":2,"minecraft:birch_log":7,"minecraft:wheat":2,"minecraft:orange_tulip":1,"minecraft:yellow_bed":1,"minecraft:grass":9,"minecraft:oak_log":7,"minecraft:coal_ore":83,"minecraft:gravel":1,"minecraft:smooth_basalt":5,"quark:crimson_chest":1,"minecraft:deepslate":7,"iceandfire:chared_stone":6}},"DataVersion":3465}