{"stats":{"minecraft:crafted":{"minecraft:white_stained_glass":1},"minecraft:custom":{"minecraft:open_chest":2,"minecraft:time_since_rest":7094,"minecraft:crouch_one_cm":39,"minecraft:play_time":7094,"minecraft:sprint_one_cm":29770,"minecraft:damage_taken":30,"minecraft:walk_one_cm":41070,"minecraft:sneak_time":30,"minecraft:drop":1,"minecraft:jump":269,"minecraft:time_since_death":7094,"minecraft:climb_one_cm":12,"minecraft:total_world_time":7094,"minecraft:fall_one_cm":10941,"minecraft:fly_one_cm":48036},"minecraft:dropped":{"quark:white_shard":2},"minecraft:used":{"minecraft:dirt":1,"minecraft:white_stained_glass":1,"minecraft:carrot":4,"minecraft:orange_tulip":1},"minecraft:picked_up":{"minecraft:wheat":12,"quark:white_shard":6,"minecraft:beetroot":2,"minecraft:beetroot_seeds":3,"minecraft:orange_tulip":1,"minecraft:wheat_seeds":21,"minecraft:potato":8,"minecraft:carrot":18,"minecraft:dirt":1},"minecraft:mined":{"minecraft:grass_block":1,"minecraft:red_tulip":1,"minecraft:white_stained_glass":2,"minecraft:orange_tulip":1}},"DataVersion":3465}