{"stats":{"minecraft:crafted":{"minecraft:oak_planks":24,"minecraft:cooked_porkchop":4,"minecraft:crafting_table":1,"minecraft:air":0,"minecraft:shield":1,"minecraft:iron_axe":1,"minecraft:stick":4,"minecraft:iron_ingot":18,"minecraft:iron_pickaxe":1,"minecraft:iron_leggings":1},"minecraft:custom":{"minecraft:interact_with_furnace":27,"minecraft:mob_kills":20,"minecraft:interact_with_crafting_table":10,"minecraft:open_barrel":7,"minecraft:damage_dealt_resisted":106,"minecraft:time_since_death":27191,"minecraft:climb_one_cm":76,"minecraft:time_since_rest":27211,"minecraft:sprint_one_cm":138095,"minecraft:damage_taken":870,"minecraft:walk_one_cm":193180,"minecraft:damage_blocked_by_shield":1020,"minecraft:drop":32,"minecraft:damage_dealt":2772,"minecraft:swim_one_cm":16774,"minecraft:fly_one_cm":90310,"minecraft:open_chest":17,"minecraft:crouch_one_cm":3718,"minecraft:play_time":30269,"minecraft:deaths":1,"minecraft:sneak_time":652,"minecraft:walk_under_water_one_cm":2577,"minecraft:jump":878,"minecraft:walk_on_water_one_cm":7785,"minecraft:interact_with_smoker":1,"minecraft:total_world_time":30269,"minecraft:fall_one_cm":17576},"minecraft:killed":{"minecraft:pig":5,"minecraft:witch":1,"alexsmobs:mantis_shrimp":1,"born_in_chaos_v1:siamese_skeletonsright":1,"minecraft:skeleton":2,"minecraft:zombie":2,"born_in_chaos_v1:dread_hound":1,"alexsmobs:gazelle":1,"born_in_chaos_v1:corpse_fly":5,"born_in_chaos_v1:siamese_skeletonsleft":1},"minecraft:killed_by":{"minecraft:skeleton":1},"minecraft:used":{"minecraft:stone_pickaxe":31,"minecraft:shield":15,"minecraft:iron_sword":140,"minecraft:leather_boots":1,"minecraft:rotten_flesh":6,"minecraft:dirt":7,"minecraft:crafting_table":2,"minecraft:mushroom_stew":1,"minecraft:carrot":3,"minecraft:milk_bucket":1,"born_in_chaos_v1:corpse_maggot":4,"minecraft:dark_prismarine":1,"minecraft:iron_axe":36,"minecraft:bread":3,"minecraft:iron_pickaxe":218,"minecraft:stone_axe":51,"minecraft:cobblestone":38,"minecraft:cooked_porkchop":3,"minecraft:furnace":2,"minecraft:andesite":49,"minecraft:cobbled_deepslate":13,"minecraft:iron_leggings":1},"minecraft:dropped":{"minecraft:white_tulip":2,"minecraft:stone_axe":2,"minecraft:wheat_seeds":3,"alexsmobs:gazelle_horn":1,"minecraft:iron_helmet":1,"minecraft:rotten_flesh":4,"minecraft:cobweb":6,"minecraft:stick":2,"born_in_chaos_v1:monster_flesh":1,"minecraft:poppy":1,"minecraft:dirt":3,"minecraft:spruce_planks":4,"minecraft:andesite":32,"minecraft:leather_boots":4,"born_in_chaos_v1:fused_bone":1,"minecraft:chain":20,"minecraft:iron_shovel":2,"minecraft:dandelion":14},"minecraft:broken":{"minecraft:stone_pickaxe":1,"minecraft:iron_pickaxe":1},"minecraft:picked_up":{"born_in_chaos_v1:fused_bone":3,"minecraft:crafting_table":1,"born_in_chaos_v1:corpse_maggot":4,"born_in_chaos_v1:monster_flesh":1,"minecraft:andesite":81,"aether:iron_gloves":1,"minecraft:oak_log":11,"minecraft:chain":30,"minecraft:gunpowder":6,"alexsmobs:gazelle_horn":1,"iceandfire:manuscript":14,"minecraft:lapis_lazuli":11,"minecraft:string":12,"minecraft:dirt":10,"born_in_chaos_v1:monster_skin":1,"minecraft:leather_boots":4,"minecraft:iron_shovel":2,"minecraft:bone":19,"minecraft:bow":1,"minecraft:wheat_seeds":3,"minecraft:gold_nugget":10,"minecraft:cobbled_deepslate":13,"minecraft:raw_gold":7,"minecraft:spruce_planks":4,"minecraft:iron_ingot":1,"minecraft:white_tulip":2,"minecraft:stone_pickaxe":1,"minecraft:cobweb":6,"minecraft:poppy":1,"minecraft:iron_pickaxe":1,"minecraft:diamond_helmet":1,"minecraft:sugar_cane":43,"minecraft:chest":12,"minecraft:oak_planks":28,"minecraft:iron_sword":1,"minecraft:iron_boots":1,"minecraft:furnace":2,"minecraft:book":8,"minecraft:stick":2,"minecraft:raw_iron":48,"minecraft:pumpkin":17,"born_in_chaos_v1:ethereal_spirit":5,"minecraft:dandelion":14,"minecraft:porkchop":9,"minecraft:carrot":1,"minecraft:redstone":14,"minecraft:dark_prismarine":1,"minecraft:dark_oak_planks":1,"minecraft:arrow":8,"minecraft:rotten_flesh":13,"minecraft:stone_axe":2,"evilcraft:dark_gem":9,"minecraft:iron_helmet":1,"minecraft:bread":3,"minecraft:emerald":16,"minecraft:coal":45,"minecraft:skeleton_skull":2,"minecraft:cobblestone":38},"minecraft:mined":{"minecraft:dark_prismarine":1,"minecraft:deepslate_redstone_ore":2,"minecraft:tuff":2,"minecraft:spruce_planks":4,"minecraft:dandelion":5,"minecraft:crafting_table":1,"minecraft:chiseled_bookshelf":6,"minecraft:emerald_ore":15,"minecraft:grass_block":1,"minecraft:chest":15,"minecraft:cobblestone":2,"minecraft:oak_planks":8,"minecraft:lily_pad":1,"minecraft:sugar_cane":18,"minecraft:deepslate_gold_ore":4,"minecraft:lapis_ore":1,"minecraft:redstone_ore":1,"minecraft:furnace":1,"evilcraft:dark_ore_deepslate":2,"minecraft:iron_ore":10,"minecraft:andesite":75,"minecraft:pumpkin":17,"minecraft:deepslate_lapis_ore":1,"minecraft:smooth_stone_slab":1,"minecraft:grass":18,"minecraft:oak_log":11,"minecraft:coal_ore":48,"evilcraft:blood_stain":1,"minecraft:deepslate_iron_ore":9,"minecraft:dirt":6,"minecraft:cobweb":14,"minecraft:white_tulip":1,"minecraft:stone":56,"minecraft:small_dripleaf":2,"minecraft:gold_ore":3,"minecraft:fern":2,"minecraft:deepslate":9,"iceandfire:chared_cobblestone":1}},"DataVersion":3465}