{"stats":{"minecraft:crafted":{"minecraft:oak_planks":24,"minecraft:crafting_table":1,"minecraft:air":0,"minecraft:shield":1,"minecraft:iron_axe":1,"minecraft:stick":4,"minecraft:iron_ingot":7,"minecraft:iron_pickaxe":1},"minecraft:custom":{"minecraft:interact_with_furnace":7,"minecraft:mob_kills":8,"minecraft:interact_with_crafting_table":5,"minecraft:damage_dealt_resisted":106,"minecraft:time_since_death":15191,"minecraft:time_since_rest":15211,"minecraft:sprint_one_cm":99877,"minecraft:damage_taken":553,"minecraft:walk_one_cm":120449,"minecraft:drop":24,"minecraft:damage_dealt":989,"minecraft:fly_one_cm":51682,"minecraft:open_chest":10,"minecraft:crouch_one_cm":216,"minecraft:play_time":18269,"minecraft:deaths":1,"minecraft:sneak_time":37,"minecraft:walk_under_water_one_cm":370,"minecraft:jump":524,"minecraft:walk_on_water_one_cm":1322,"minecraft:total_world_time":18269,"minecraft:fall_one_cm":8472},"minecraft:killed":{"born_in_chaos_v1:siamese_skeletonsright":1,"minecraft:skeleton":1,"born_in_chaos_v1:corpse_fly":5,"born_in_chaos_v1:siamese_skeletonsleft":1},"minecraft:killed_by":{"minecraft:skeleton":1},"minecraft:used":{"minecraft:stone_pickaxe":31,"minecraft:iron_sword":44,"minecraft:leather_boots":1,"minecraft:rotten_flesh":6,"minecraft:dirt":7,"minecraft:crafting_table":1,"minecraft:carrot":3,"born_in_chaos_v1:corpse_maggot":4,"minecraft:iron_axe":3,"minecraft:bread":3,"minecraft:iron_pickaxe":210,"minecraft:stone_axe":51,"minecraft:furnace":1,"minecraft:andesite":12,"minecraft:cobbled_deepslate":13},"minecraft:dropped":{"minecraft:white_tulip":2,"minecraft:stone_axe":2,"minecraft:wheat_seeds":3,"minecraft:iron_helmet":1,"minecraft:stick":2,"born_in_chaos_v1:monster_flesh":1,"minecraft:poppy":1,"minecraft:dirt":3,"minecraft:leather_boots":4,"minecraft:chain":20,"minecraft:iron_shovel":2,"minecraft:dandelion":14},"minecraft:broken":{"minecraft:stone_pickaxe":1,"minecraft:iron_pickaxe":1},"minecraft:picked_up":{"born_in_chaos_v1:fused_bone":2,"minecraft:crafting_table":1,"born_in_chaos_v1:corpse_maggot":4,"born_in_chaos_v1:monster_flesh":1,"minecraft:andesite":64,"aether:iron_gloves":1,"minecraft:oak_log":11,"minecraft:chain":30,"minecraft:gunpowder":5,"iceandfire:manuscript":14,"minecraft:lapis_lazuli":11,"minecraft:dirt":10,"born_in_chaos_v1:monster_skin":1,"minecraft:leather_boots":4,"minecraft:iron_shovel":2,"minecraft:bone":19,"minecraft:bow":1,"minecraft:wheat_seeds":3,"minecraft:gold_nugget":10,"minecraft:cobbled_deepslate":13,"minecraft:raw_gold":7,"minecraft:white_tulip":2,"minecraft:stone_pickaxe":1,"minecraft:cobweb":5,"minecraft:poppy":1,"minecraft:iron_pickaxe":1,"minecraft:diamond_helmet":1,"minecraft:sugar_cane":10,"minecraft:chest":12,"minecraft:oak_planks":20,"minecraft:iron_sword":1,"minecraft:iron_boots":1,"minecraft:furnace":2,"minecraft:book":1,"minecraft:stick":2,"minecraft:raw_iron":47,"minecraft:pumpkin":17,"born_in_chaos_v1:ethereal_spirit":5,"minecraft:dandelion":14,"minecraft:carrot":1,"minecraft:redstone":14,"minecraft:arrow":3,"minecraft:rotten_flesh":12,"minecraft:stone_axe":2,"evilcraft:dark_gem":9,"minecraft:iron_helmet":1,"minecraft:bread":3,"minecraft:emerald":16,"minecraft:coal":43,"minecraft:skeleton_skull":2,"minecraft:cobblestone":36},"minecraft:mined":{"minecraft:deepslate_redstone_ore":2,"minecraft:tuff":2,"minecraft:dandelion":5,"minecraft:crafting_table":1,"minecraft:emerald_ore":15,"minecraft:grass_block":1,"minecraft:chest":15,"minecraft:lily_pad":1,"minecraft:sugar_cane":3,"minecraft:deepslate_gold_ore":4,"minecraft:lapis_ore":1,"minecraft:redstone_ore":1,"minecraft:furnace":1,"evilcraft:dark_ore_deepslate":2,"minecraft:iron_ore":9,"minecraft:andesite":74,"minecraft:pumpkin":17,"minecraft:deepslate_lapis_ore":1,"minecraft:grass":2,"minecraft:oak_log":11,"minecraft:coal_ore":46,"evilcraft:blood_stain":1,"minecraft:deepslate_iron_ore":9,"minecraft:dirt":6,"minecraft:white_tulip":1,"minecraft:stone":56,"minecraft:small_dripleaf":1,"minecraft:gold_ore":3,"minecraft:deepslate":9,"iceandfire:chared_cobblestone":1}},"DataVersion":3465}