{"stats":{"minecraft:custom":{"minecraft:mob_kills":71,"minecraft:interact_with_crafting_table":14,"minecraft:open_barrel":48,"minecraft:damage_dealt_resisted":1018,"minecraft:time_since_death":8201,"minecraft:climb_one_cm":2273,"minecraft:sprint_one_cm":213533,"minecraft:walk_one_cm":448244,"minecraft:damage_blocked_by_shield":1095,"minecraft:drop":94,"minecraft:play_time":72269,"minecraft:deaths":5,"minecraft:sneak_time":5280,"minecraft:walk_under_water_one_cm":2686,"minecraft:jump":1307,"minecraft:interact_with_brewingstand":1,"minecraft:walk_on_water_one_cm":8525,"minecraft:total_world_time":72269,"minecraft:interact_with_furnace":29,"minecraft:time_since_rest":8240,"minecraft:open_enderchest":2,"minecraft:damage_taken":2256,"minecraft:damage_dealt":9798,"minecraft:swim_one_cm":16774,"minecraft:fly_one_cm":130003,"minecraft:open_chest":43,"minecraft:crouch_one_cm":14911,"minecraft:interact_with_smoker":1,"minecraft:fall_one_cm":25908,"minecraft:inspect_dispenser":2},"minecraft:crafted":{"minecraft:oak_planks":24,"minecraft:furnace":1,"minecraft:bone_meal":45,"minecraft:diamond_leggings":1,"minecraft:iron_axe":1,"minecraft:diamond_boots":1,"minecraft:diamond_sword":1,"minecraft:cooked_porkchop":4,"minecraft:crafting_table":3,"minecraft:air":0,"minecraft:shield":1,"quark:oak_chest":2,"minecraft:stick":8,"minecraft:iron_ingot":43,"minecraft:iron_pickaxe":1,"minecraft:iron_leggings":1,"minecraft:acacia_planks":28,"minecraft:diamond_chestplate":1},"minecraft:killed":{"minecraft:witch":4,"minecraft:slime":7,"born_in_chaos_v1:siamese_skeletonsright":2,"born_in_chaos_v1:maggot":4,"minecraft:skeleton":13,"minecraft:pig":5,"born_in_chaos_v1:swarmer":1,"minecraft:ravager":3,"alexsmobs:mantis_shrimp":1,"born_in_chaos_v1:decrepit_skeleton":1,"minecraft:zombie":16,"born_in_chaos_v1:dread_hound":1,"born_in_chaos_v1:corpse_fly":7,"alexsmobs:gazelle":1,"alexsmobs:fly":2,"born_in_chaos_v1:door_knight":1,"born_in_chaos_v1:siamese_skeletonsleft":2},"minecraft:killed_by":{"minecraft:player":1,"minecraft:ravager":1,"minecraft:skeleton":1},"minecraft:used":{"minecraft:waxed_exposed_cut_copper":1,"minecraft:armor_stand":1,"minecraft:shield":17,"minecraft:iron_sword":193,"minecraft:rotten_flesh":6,"minecraft:dirt":15,"minecraft:carrot":11,"minecraft:milk_bucket":2,"born_in_chaos_v1:corpse_maggot":4,"minecraft:dark_oak_planks":3,"minecraft:waxed_cut_copper":4,"minecraft:iron_axe":134,"minecraft:packed_mud":5,"minecraft:mud_bricks":14,"minecraft:golden_carrot":3,"minecraft:furnace":3,"minecraft:acacia_planks":16,"minecraft:cobbled_deepslate":13,"minecraft:dark_prismarine_stairs":1,"minecraft:iron_leggings":1,"minecraft:water_bucket":1,"minecraft:oak_planks":1,"minecraft:stone_pickaxe":31,"minecraft:waxed_oxidized_cut_copper":15,"minecraft:redstone_block":1,"minecraft:leather_boots":1,"minecraft:glow_berries":12,"minecraft:crafting_table":4,"minecraft:mushroom_stew":1,"minecraft:dark_prismarine":1,"minecraft:bread":3,"minecraft:iron_pickaxe":322,"minecraft:stone_axe":51,"minecraft:diamond_sword":190,"minecraft:cobblestone":42,"minecraft:purple_bed":1,"minecraft:cooked_porkchop":3,"minecraft:waxed_oxidized_cut_copper_stairs":1,"minecraft:andesite":49,"minecraft:bucket":1,"quark:oak_chest":2,"minecraft:bone_meal":132,"minecraft:splash_potion":3},"minecraft:dropped":{"minecraft:iron_sword":1,"minecraft:wheat_seeds":3,"minecraft:lapis_lazuli":16,"minecraft:golden_helmet":2,"minecraft:oak_log":1,"minecraft:diamond_leggings":1,"minecraft:cobblestone":4,"minecraft:iron_helmet":1,"minecraft:saddle":3,"minecraft:spruce_stairs":1,"minecraft:warped_trapdoor":2,"minecraft:stick":5,"born_in_chaos_v1:monster_flesh":3,"minecraft:cobweb":6,"minecraft:dirt":3,"minecraft:brewing_stand":1,"minecraft:rose_bush":1,"born_in_chaos_v1:fused_bone":1,"minecraft:iron_leggings":2,"minecraft:chain":40,"gravestone:obituary":1,"minecraft:writable_book":3,"minecraft:flowering_azalea":2,"minecraft:iron_shovel":2,"minecraft:bone":15,"minecraft:light_blue_banner":1,"minecraft:redstone_block":2,"minecraft:bucket":2,"minecraft:acacia_planks":11,"minecraft:gold_ingot":19,"minecraft:redstone":10,"minecraft:dandelion":14,"minecraft:white_tulip":2,"minecraft:stone_axe":2,"minecraft:sugar_cane":43,"minecraft:lever":2,"alexsmobs:gazelle_horn":1,"alexsmobs:animal_dictionary":1,"minecraft:dark_oak_sign":1,"minecraft:obsidian":6,"minecraft:beetroot":9,"minecraft:rotten_flesh":6,"minecraft:iron_boots":2,"quark:orange_shard":6,"minecraft:glowstone_dust":8,"minecraft:name_tag":1,"minecraft:lightning_rod":1,"minecraft:poppy":1,"minecraft:waxed_cut_copper":1,"minecraft:spruce_planks":4,"minecraft:iron_chestplate":2,"minecraft:andesite":32,"minecraft:leather_boots":4,"minecraft:chest":12,"minecraft:spruce_slab":1,"minecraft:arrow":8,"minecraft:bow":1,"minecraft:raw_gold":7,"minecraft:splash_potion":2,"iceandfire:manuscript":12},"minecraft:broken":{"aether:iron_gloves":1,"minecraft:stone_pickaxe":1,"minecraft:iron_pickaxe":1},"minecraft:picked_up":{"minecraft:waxed_oxidized_cut_copper":15,"minecraft:iron_chestplate":1,"minecraft:crafting_table":1,"minecraft:wheat":6,"minecraft:splash_potion":1,"aether:iron_gloves":1,"quark:orange_shard":6,"minecraft:enchanted_book":7,"gravestone:obituary":1,"minecraft:chain":40,"minecraft:brewing_stand":5,"iceandfire:manuscript":40,"alexsmobs:gazelle_horn":1,"minecraft:string":19,"minecraft:iron_leggings":1,"minecraft:armor_stand":1,"minecraft:iron_shovel":2,"minecraft:beetroot":9,"minecraft:diamond_leggings":1,"minecraft:dark_prismarine_stairs":1,"minecraft:gold_nugget":10,"minecraft:cobbled_deepslate":13,"minecraft:bucket":1,"minecraft:spruce_planks":4,"minecraft:waxed_exposed_cut_copper":1,"minecraft:white_tulip":2,"minecraft:rose_bush":1,"minecraft:spruce_slab":1,"minecraft:poppy":1,"minecraft:iron_pickaxe":1,"minecraft:sugar_cane":43,"minecraft:chest":12,"minecraft:iron_boots":2,"minecraft:furnace":2,"minecraft:golden_helmet":3,"minecraft:stick":2,"minecraft:raw_iron":48,"minecraft:spruce_stairs":1,"minecraft:acacia_log":7,"minecraft:music_disc_mellohi":1,"minecraft:porkchop":9,"minecraft:lightning_rod":1,"minecraft:carrot":103,"minecraft:redstone":16,"minecraft:dark_oak_planks":4,"minecraft:arrow":11,"minecraft:rotten_flesh":15,"minecraft:waxed_oxidized_cut_copper_stairs":1,"minecraft:saddle":4,"minecraft:waxed_cut_copper":5,"minecraft:obsidian":6,"minecraft:skeleton_skull":5,"minecraft:cobblestone":64,"born_in_chaos_v1:fused_bone":5,"born_in_chaos_v1:corpse_maggot":4,"minecraft:mud_bricks":15,"born_in_chaos_v1:monster_flesh":3,"minecraft:andesite":97,"minecraft:potato":8,"minecraft:packed_mud":5,"minecraft:warped_trapdoor":2,"minecraft:oak_log":12,"evilcraft:flesh_humanoid":3,"minecraft:gunpowder":19,"minecraft:lapis_lazuli":27,"minecraft:dirt":18,"minecraft:name_tag":2,"born_in_chaos_v1:monster_skin":1,"minecraft:leather_boots":4,"minecraft:bone":34,"minecraft:light_blue_banner":1,"minecraft:acacia_planks":5,"minecraft:bow":1,"minecraft:wheat_seeds":3,"minecraft:raw_gold":7,"minecraft:iron_ingot":14,"minecraft:stone_pickaxe":1,"minecraft:dark_oak_sign":1,"minecraft:cobweb":6,"minecraft:diamond_helmet":1,"minecraft:iron_sword":1,"minecraft:oak_planks":29,"minecraft:flowering_azalea":2,"minecraft:book":167,"minecraft:pumpkin":17,"born_in_chaos_v1:ethereal_spirit":10,"minecraft:dandelion":14,"minecraft:dark_prismarine":1,"minecraft:purple_bed":1,"minecraft:chainmail_leggings":1,"minecraft:stone_axe":2,"minecraft:lever":2,"minecraft:writable_book":5,"minecraft:iron_helmet":1,"evilcraft:dark_gem":18,"minecraft:scute":9,"minecraft:diamond_axe":1,"minecraft:bone_meal":1,"minecraft:emerald":39,"minecraft:bread":3,"minecraft:coal":57},"minecraft:mined":{"minecraft:dark_oak_planks":3,"minecraft:dark_prismarine_stairs":1,"minecraft:dark_prismarine":1,"minecraft:tuff":2,"minecraft:spruce_planks":4,"minecraft:orange_stained_glass":2,"minecraft:brewing_stand":3,"gravestone:gravestone":1,"minecraft:ladder":1,"minecraft:chiseled_bookshelf":38,"minecraft:acacia_log":7,"minecraft:grass_block":4,"minecraft:moss_block":1,"minecraft:mud_bricks":16,"minecraft:spawner":1,"minecraft:redstone_ore":1,"minecraft:carrots":12,"minecraft:waxed_oxidized_cut_copper":22,"minecraft:packed_mud":5,"minecraft:furnace":1,"minecraft:iron_ore":10,"minecraft:andesite":75,"minecraft:moss_carpet":3,"minecraft:pumpkin":17,"minecraft:deepslate_lapis_ore":1,"minecraft:skeleton_wall_skull":1,"minecraft:potatoes":3,"minecraft:flowering_azalea_leaves":2,"minecraft:deepslate_iron_ore":9,"minecraft:warped_trapdoor":3,"minecraft:stone":72,"minecraft:white_tulip":1,"minecraft:spruce_slab":1,"iceandfire:chared_cobblestone":1,"minecraft:waxed_cut_copper":9,"minecraft:deepslate_redstone_ore":2,"minecraft:flowering_azalea":2,"minecraft:dandelion":5,"minecraft:crafting_table":1,"minecraft:cornflower":1,"minecraft:emerald_ore":15,"minecraft:mud_brick_stairs":2,"minecraft:chest":15,"minecraft:rose_bush":1,"minecraft:lightning_rod":1,"minecraft:cobblestone":2,"minecraft:lapis_ore":1,"minecraft:deepslate_gold_ore":4,"minecraft:lily_pad":1,"minecraft:sugar_cane":18,"minecraft:oak_planks":10,"minecraft:light_blue_banner":1,"minecraft:stone_stairs":1,"minecraft:purple_bed":1,"minecraft:wheat":2,"evilcraft:dark_ore_deepslate":2,"minecraft:waxed_oxidized_cut_copper_stairs":1,"minecraft:waxed_copper_block":1,"minecraft:dark_prismarine_slab":1,"minecraft:smooth_stone_slab":1,"minecraft:grass":21,"minecraft:coal_ore":60,"minecraft:oak_log":12,"evilcraft:blood_stain":1,"minecraft:dirt":11,"minecraft:cobweb":23,"minecraft:acacia_planks":3,"minecraft:small_dripleaf":2,"minecraft:waxed_exposed_cut_copper":1,"minecraft:gold_ore":3,"minecraft:deepslate":9,"minecraft:fern":2}},"DataVersion":3465}