{"stats":{"minecraft:custom":{"minecraft:time_since_rest":3211,"minecraft:sprint_one_cm":44157,"minecraft:damage_taken":388,"minecraft:walk_one_cm":46166,"minecraft:mob_kills":3,"minecraft:damage_dealt":446,"minecraft:fly_one_cm":22157,"minecraft:open_chest":9,"minecraft:crouch_one_cm":216,"minecraft:play_time":6269,"minecraft:sneak_time":30,"minecraft:deaths":1,"minecraft:jump":182,"minecraft:walk_on_water_one_cm":118,"minecraft:time_since_death":3191,"minecraft:total_world_time":6269,"minecraft:fall_one_cm":3180},"minecraft:killed":{"minecraft:skeleton":1,"born_in_chaos_v1:siamese_skeletonsright":1,"born_in_chaos_v1:siamese_skeletonsleft":1},"minecraft:killed_by":{"minecraft:skeleton":1},"minecraft:used":{"minecraft:iron_pickaxe":20,"minecraft:iron_sword":14,"minecraft:leather_boots":1,"minecraft:stone_axe":15,"minecraft:carrot":1},"minecraft:picked_up":{"born_in_chaos_v1:fused_bone":2,"minecraft:raw_iron":32,"born_in_chaos_v1:monster_flesh":1,"minecraft:dandelion":4,"born_in_chaos_v1:ethereal_spirit":5,"aether:iron_gloves":1,"minecraft:chain":10,"minecraft:carrot":1,"minecraft:gunpowder":5,"iceandfire:manuscript":14,"minecraft:dirt":1,"minecraft:arrow":1,"born_in_chaos_v1:monster_skin":1,"minecraft:bone":19,"minecraft:leather_boots":1,"minecraft:iron_shovel":2,"minecraft:rotten_flesh":9,"minecraft:bow":1,"minecraft:stone_axe":1,"minecraft:wheat_seeds":1,"minecraft:gold_nugget":10,"minecraft:cobbled_deepslate":13,"evilcraft:dark_gem":9,"minecraft:iron_helmet":1,"minecraft:stone_pickaxe":1,"minecraft:cobweb":5,"minecraft:poppy":1,"minecraft:emerald":7,"minecraft:diamond_helmet":1,"minecraft:iron_pickaxe":1,"minecraft:chest":9,"minecraft:iron_sword":1,"minecraft:skeleton_skull":2,"minecraft:iron_boots":1,"minecraft:book":1,"minecraft:furnace":1},"minecraft:mined":{"evilcraft:dark_ore_deepslate":2,"minecraft:emerald_ore":6,"minecraft:deepslate_iron_ore":2,"evilcraft:blood_stain":1,"minecraft:chest":14,"minecraft:deepslate":9}},"DataVersion":3465}