{"stats":{"minecraft:crafted":{"minecraft:oak_planks":24,"minecraft:crafting_table":1},"minecraft:custom":{"minecraft:interact_with_furnace":1,"minecraft:mob_kills":3,"minecraft:interact_with_crafting_table":1,"minecraft:time_since_death":9191,"minecraft:time_since_rest":9211,"minecraft:sprint_one_cm":70259,"minecraft:damage_taken":388,"minecraft:walk_one_cm":77901,"minecraft:drop":9,"minecraft:damage_dealt":446,"minecraft:fly_one_cm":31987,"minecraft:open_chest":10,"minecraft:crouch_one_cm":216,"minecraft:play_time":12269,"minecraft:deaths":1,"minecraft:sneak_time":37,"minecraft:walk_under_water_one_cm":370,"minecraft:jump":365,"minecraft:walk_on_water_one_cm":504,"minecraft:total_world_time":12269,"minecraft:fall_one_cm":5570},"minecraft:killed":{"born_in_chaos_v1:siamese_skeletonsright":1,"minecraft:skeleton":1,"born_in_chaos_v1:siamese_skeletonsleft":1},"minecraft:killed_by":{"minecraft:skeleton":1},"minecraft:used":{"minecraft:stone_pickaxe":31,"minecraft:iron_sword":14,"minecraft:leather_boots":1,"minecraft:dirt":6,"minecraft:crafting_table":1,"minecraft:carrot":3,"minecraft:iron_pickaxe":155,"minecraft:stone_axe":22,"minecraft:furnace":1,"minecraft:cobbled_deepslate":13},"minecraft:dropped":{"minecraft:stone_axe":1,"minecraft:iron_helmet":1,"minecraft:poppy":1,"minecraft:dirt":3,"minecraft:leather_boots":3},"minecraft:broken":{"minecraft:stone_pickaxe":1,"minecraft:iron_pickaxe":1},"minecraft:picked_up":{"born_in_chaos_v1:fused_bone":2,"born_in_chaos_v1:monster_flesh":1,"minecraft:andesite":64,"aether:iron_gloves":1,"minecraft:oak_log":6,"minecraft:chain":10,"minecraft:gunpowder":5,"iceandfire:manuscript":14,"minecraft:lapis_lazuli":11,"minecraft:dirt":10,"born_in_chaos_v1:monster_skin":1,"minecraft:leather_boots":3,"minecraft:iron_shovel":2,"minecraft:bone":19,"minecraft:bow":1,"minecraft:wheat_seeds":1,"minecraft:gold_nugget":10,"minecraft:cobbled_deepslate":13,"minecraft:raw_gold":7,"minecraft:stone_pickaxe":1,"minecraft:cobweb":5,"minecraft:poppy":1,"minecraft:iron_pickaxe":1,"minecraft:diamond_helmet":1,"minecraft:chest":12,"minecraft:oak_planks":20,"minecraft:iron_sword":1,"minecraft:iron_boots":1,"minecraft:furnace":1,"minecraft:book":1,"minecraft:raw_iron":45,"born_in_chaos_v1:ethereal_spirit":5,"minecraft:dandelion":4,"minecraft:carrot":1,"minecraft:redstone":14,"minecraft:arrow":1,"minecraft:rotten_flesh":9,"minecraft:stone_axe":2,"evilcraft:dark_gem":9,"minecraft:iron_helmet":1,"minecraft:emerald":16,"minecraft:coal":1,"minecraft:skeleton_skull":2,"minecraft:cobblestone":29},"minecraft:mined":{"minecraft:deepslate_redstone_ore":2,"minecraft:tuff":2,"minecraft:emerald_ore":15,"minecraft:grass_block":1,"minecraft:chest":15,"minecraft:deepslate_gold_ore":4,"minecraft:lapis_ore":1,"minecraft:redstone_ore":1,"evilcraft:dark_ore_deepslate":2,"minecraft:iron_ore":7,"minecraft:andesite":74,"minecraft:deepslate_lapis_ore":1,"minecraft:oak_log":6,"minecraft:coal_ore":3,"evilcraft:blood_stain":1,"minecraft:deepslate_iron_ore":9,"minecraft:dirt":6,"minecraft:stone":48,"minecraft:gold_ore":3,"minecraft:deepslate":9,"iceandfire:chared_cobblestone":1}},"DataVersion":3465}