{"stats":{"minecraft:custom":{"minecraft:mob_kills":40,"minecraft:interact_with_crafting_table":14,"minecraft:open_barrel":48,"minecraft:damage_dealt_resisted":106,"minecraft:time_since_death":3097,"minecraft:climb_one_cm":1893,"minecraft:sprint_one_cm":161097,"minecraft:walk_one_cm":307262,"minecraft:damage_blocked_by_shield":1080,"minecraft:drop":46,"minecraft:play_time":42269,"minecraft:deaths":2,"minecraft:sneak_time":656,"minecraft:walk_under_water_one_cm":2577,"minecraft:jump":980,"minecraft:interact_with_brewingstand":1,"minecraft:walk_on_water_one_cm":7785,"minecraft:total_world_time":42269,"minecraft:interact_with_furnace":28,"minecraft:time_since_rest":3131,"minecraft:open_enderchest":1,"minecraft:damage_taken":1326,"minecraft:damage_dealt":6574,"minecraft:swim_one_cm":16774,"minecraft:fly_one_cm":95834,"minecraft:open_chest":38,"minecraft:crouch_one_cm":3718,"minecraft:interact_with_smoker":1,"minecraft:fall_one_cm":18329,"minecraft:inspect_dispenser":2},"minecraft:crafted":{"minecraft:oak_planks":24,"minecraft:furnace":1,"minecraft:diamond_leggings":1,"minecraft:iron_axe":1,"minecraft:diamond_boots":1,"minecraft:diamond_sword":1,"minecraft:cooked_porkchop":4,"minecraft:crafting_table":3,"minecraft:air":0,"minecraft:shield":1,"quark:oak_chest":2,"minecraft:stick":8,"minecraft:iron_ingot":18,"minecraft:iron_pickaxe":1,"minecraft:iron_leggings":1,"minecraft:acacia_planks":28,"minecraft:diamond_chestplate":1},"minecraft:killed":{"minecraft:witch":4,"minecraft:slime":7,"born_in_chaos_v1:siamese_skeletonsright":2,"minecraft:skeleton":5,"minecraft:pig":5,"minecraft:ravager":3,"alexsmobs:mantis_shrimp":1,"born_in_chaos_v1:decrepit_skeleton":1,"minecraft:zombie":2,"born_in_chaos_v1:dread_hound":1,"born_in_chaos_v1:corpse_fly":5,"alexsmobs:gazelle":1,"alexsmobs:fly":1,"born_in_chaos_v1:siamese_skeletonsleft":2},"minecraft:killed_by":{"minecraft:ravager":1,"minecraft:skeleton":1},"minecraft:used":{"minecraft:shield":16,"minecraft:iron_sword":193,"minecraft:rotten_flesh":6,"minecraft:dirt":12,"minecraft:carrot":3,"minecraft:milk_bucket":2,"born_in_chaos_v1:corpse_maggot":4,"minecraft:iron_axe":120,"minecraft:golden_carrot":3,"minecraft:furnace":3,"minecraft:acacia_planks":13,"minecraft:cobbled_deepslate":13,"minecraft:iron_leggings":1,"minecraft:water_bucket":1,"minecraft:stone_pickaxe":31,"minecraft:leather_boots":1,"minecraft:crafting_table":4,"minecraft:mushroom_stew":1,"minecraft:dark_prismarine":1,"minecraft:bread":3,"minecraft:iron_pickaxe":245,"minecraft:stone_axe":51,"minecraft:diamond_sword":25,"minecraft:cobblestone":42,"minecraft:purple_bed":1,"minecraft:cooked_porkchop":3,"minecraft:andesite":49,"minecraft:bucket":1,"quark:oak_chest":2},"minecraft:dropped":{"minecraft:wheat_seeds":3,"minecraft:iron_helmet":1,"minecraft:saddle":1,"minecraft:stick":2,"born_in_chaos_v1:monster_flesh":1,"minecraft:cobweb":6,"minecraft:dirt":3,"born_in_chaos_v1:fused_bone":1,"minecraft:iron_leggings":1,"minecraft:chain":40,"minecraft:writable_book":3,"minecraft:iron_shovel":2,"minecraft:bucket":1,"minecraft:dandelion":14,"minecraft:white_tulip":2,"minecraft:stone_axe":2,"alexsmobs:gazelle_horn":1,"alexsmobs:animal_dictionary":1,"minecraft:rotten_flesh":4,"minecraft:iron_boots":1,"minecraft:poppy":1,"minecraft:spruce_planks":4,"minecraft:iron_chestplate":1,"minecraft:andesite":32,"minecraft:leather_boots":4,"minecraft:chest":12,"minecraft:arrow":8,"minecraft:bow":1},"minecraft:broken":{"minecraft:stone_pickaxe":1,"minecraft:iron_pickaxe":1},"minecraft:picked_up":{"minecraft:iron_chestplate":1,"minecraft:crafting_table":1,"aether:iron_gloves":1,"quark:orange_shard":6,"minecraft:enchanted_book":4,"minecraft:chain":40,"minecraft:brewing_stand":2,"iceandfire:manuscript":14,"alexsmobs:gazelle_horn":1,"minecraft:string":19,"minecraft:iron_leggings":1,"minecraft:iron_shovel":2,"minecraft:gold_nugget":10,"minecraft:cobbled_deepslate":13,"minecraft:bucket":1,"minecraft:spruce_planks":4,"minecraft:white_tulip":2,"minecraft:rose_bush":1,"minecraft:poppy":1,"minecraft:iron_pickaxe":1,"minecraft:sugar_cane":43,"minecraft:chest":12,"minecraft:iron_boots":2,"minecraft:furnace":2,"minecraft:stick":2,"minecraft:raw_iron":48,"minecraft:acacia_log":7,"minecraft:music_disc_mellohi":1,"minecraft:porkchop":9,"minecraft:carrot":1,"minecraft:redstone":16,"minecraft:dark_oak_planks":1,"minecraft:arrow":8,"minecraft:rotten_flesh":15,"minecraft:saddle":1,"minecraft:skeleton_skull":2,"minecraft:cobblestone":64,"born_in_chaos_v1:fused_bone":5,"born_in_chaos_v1:corpse_maggot":4,"minecraft:mud_bricks":1,"born_in_chaos_v1:monster_flesh":1,"minecraft:andesite":97,"minecraft:oak_log":11,"minecraft:gunpowder":9,"minecraft:lapis_lazuli":27,"minecraft:dirt":15,"minecraft:name_tag":1,"born_in_chaos_v1:monster_skin":1,"minecraft:leather_boots":4,"minecraft:bone":22,"minecraft:acacia_planks":2,"minecraft:bow":1,"minecraft:wheat_seeds":3,"minecraft:raw_gold":7,"minecraft:iron_ingot":1,"minecraft:stone_pickaxe":1,"minecraft:cobweb":6,"minecraft:diamond_helmet":1,"minecraft:iron_sword":1,"minecraft:oak_planks":28,"minecraft:book":106,"minecraft:pumpkin":17,"born_in_chaos_v1:ethereal_spirit":5,"minecraft:dandelion":14,"minecraft:dark_prismarine":1,"minecraft:purple_bed":1,"minecraft:stone_axe":2,"minecraft:lever":1,"minecraft:writable_book":5,"minecraft:iron_helmet":1,"evilcraft:dark_gem":9,"minecraft:diamond_axe":1,"minecraft:emerald":17,"minecraft:bread":3,"minecraft:coal":45},"minecraft:mined":{"minecraft:dark_prismarine":1,"minecraft:tuff":2,"minecraft:spruce_planks":4,"minecraft:orange_stained_glass":2,"minecraft:brewing_stand":2,"minecraft:ladder":1,"minecraft:chiseled_bookshelf":38,"minecraft:acacia_log":7,"minecraft:grass_block":1,"minecraft:mud_bricks":1,"minecraft:redstone_ore":1,"minecraft:furnace":1,"minecraft:iron_ore":10,"minecraft:andesite":75,"minecraft:pumpkin":17,"minecraft:deepslate_lapis_ore":1,"minecraft:deepslate_iron_ore":9,"minecraft:stone":72,"minecraft:white_tulip":1,"iceandfire:chared_cobblestone":1,"minecraft:deepslate_redstone_ore":2,"minecraft:dandelion":5,"minecraft:crafting_table":1,"minecraft:emerald_ore":15,"minecraft:chest":15,"minecraft:cobblestone":2,"minecraft:lapis_ore":1,"minecraft:deepslate_gold_ore":4,"minecraft:lily_pad":1,"minecraft:sugar_cane":18,"minecraft:oak_planks":9,"minecraft:purple_bed":1,"evilcraft:dark_ore_deepslate":2,"minecraft:smooth_stone_slab":1,"minecraft:grass":18,"minecraft:coal_ore":48,"minecraft:oak_log":11,"evilcraft:blood_stain":1,"minecraft:dirt":11,"minecraft:cobweb":23,"minecraft:acacia_planks":2,"minecraft:small_dripleaf":2,"minecraft:gold_ore":3,"minecraft:deepslate":9,"minecraft:fern":2}},"DataVersion":3465}