{"stats":{"minecraft:mined":{"minecraft:spruce_planks":1,"minecraft:dandelion":1,"minecraft:crafting_table":4,"minecraft:torch":7,"minecraft:dark_oak_wood":1,"minecraft:emerald_ore":1,"minecraft:spruce_fence":1,"minecraft:oak_planks":41,"minecraft:wall_torch":2,"minecraft:furnace":3,"minecraft:carrots":2,"minecraft:iron_ore":13,"minecraft:grass":2,"minecraft:potatoes":2,"minecraft:bookshelf":1,"minecraft:oak_log":19,"minecraft:coal_ore":43,"minecraft:smooth_quartz":2,"minecraft:stone":29},"minecraft:dropped":{"minecraft:stone_pickaxe":1},"minecraft:killed_by":{"minecraft:player":1,"born_in_chaos_v1:decrepit_skeleton":1,"minecraft:skeleton":1},"minecraft:used":{"minecraft:stone_pickaxe":27,"minecraft:oak_planks":42,"minecraft:wooden_pickaxe":11,"dynamictrees:oak_seed":1,"minecraft:cooked_chicken":1,"minecraft:torch":22,"minecraft:crafting_table":4,"minecraft:carrot":6,"minecraft:oak_log":3,"born_in_chaos_v1:corpse_maggot":2,"minecraft:wooden_axe":27,"minecraft:apple":13,"minecraft:iron_axe":87,"minecraft:iron_pickaxe":55,"minecraft:furnace":3,"minecraft:potato":6},"minecraft:crafted":{"minecraft:oak_planks":72,"minecraft:crafting_table":1,"minecraft:cooked_chicken":1,"minecraft:wooden_pickaxe":1,"minecraft:iron_helmet":1,"minecraft:furnace":1,"minecraft:air":0,"minecraft:iron_chestplate":1,"minecraft:iron_axe":1,"minecraft:stick":12,"minecraft:iron_ingot":13,"minecraft:iron_pickaxe":1,"minecraft:stone_pickaxe":1,"minecraft:wooden_axe":1,"minecraft:torch":40},"minecraft:killed":{"born_in_chaos_v1:zombie_clown":1,"born_in_chaos_v1:spiritof_chaos":1,"creeperoverhaul:hills_creeper":1,"born_in_chaos_v1:baby_skeleton":1,"minecraft:spider":1,"minecraft:iron_golem":1,"minecraft:creeper":1,"born_in_chaos_v1:zombie_bruiser":1,"born_in_chaos_v1:decrepit_skeleton":2,"born_in_chaos_v1:maggot":3,"minecraft:chicken":1,"born_in_chaos_v1:corpse_fly":1},"minecraft:custom":{"minecraft:interact_with_furnace":8,"minecraft:mob_kills":15,"minecraft:interact_with_crafting_table":9,"minecraft:damage_dealt_resisted":111,"minecraft:leave_game":2,"minecraft:time_since_death":11101,"minecraft:climb_one_cm":1213,"minecraft:time_since_rest":11127,"minecraft:sprint_one_cm":140545,"minecraft:damage_taken":1331,"minecraft:walk_one_cm":222086,"minecraft:drop":1,"minecraft:damage_dealt":3374,"minecraft:swim_one_cm":10890,"minecraft:fly_one_cm":101243,"minecraft:open_chest":3,"minecraft:crouch_one_cm":1665,"minecraft:play_time":52220,"minecraft:deaths":3,"minecraft:sneak_time":708,"minecraft:walk_under_water_one_cm":2116,"minecraft:jump":815,"minecraft:walk_on_water_one_cm":5883,"minecraft:total_world_time":52220,"minecraft:fall_one_cm":18273},"minecraft:picked_up":{"born_in_chaos_v1:corpse_maggot":2,"minecraft:crafting_table":4,"minecraft:feather":1,"minecraft:chicken":1,"born_in_chaos_v1:seedof_chaos":1,"minecraft:potato":6,"minecraft:oak_log":22,"minecraft:gunpowder":2,"minecraft:string":2,"born_in_chaos_v1:intoxicating_decoction":1,"minecraft:bone":2,"minecraft:wheat_seeds":1,"minecraft:orange_tulip":1,"minecraft:spruce_planks":1,"minecraft:iron_ingot":6,"minecraft:stone_pickaxe":1,"minecraft:poppy":2,"dynamictrees:oak_seed":1,"minecraft:smooth_quartz":2,"born_in_chaos_v1:stimulating_decoction":2,"minecraft:birch_sapling":1,"minecraft:oak_planks":41,"minecraft:furnace":3,"minecraft:book":3,"minecraft:stick":15,"minecraft:raw_iron":13,"born_in_chaos_v1:shattered_skull":1,"minecraft:dandelion":3,"minecraft:torch":8,"born_in_chaos_v1:ethereal_spirit":1,"minecraft:spruce_fence":1,"minecraft:carrot":6,"minecraft:rotten_flesh":11,"minecraft:emerald":1,"minecraft:dark_oak_wood":1,"minecraft:coal":82,"minecraft:cobblestone":29}},"DataVersion":3465}