{"stats":{"minecraft:custom":{"minecraft:mob_kills":43,"minecraft:interact_with_crafting_table":12,"minecraft:damage_dealt_resisted":231,"minecraft:leave_game":11,"minecraft:time_since_death":128,"minecraft:climb_one_cm":1683,"minecraft:sprint_one_cm":454625,"minecraft:walk_one_cm":661204,"minecraft:drop":13,"minecraft:play_time":122701,"minecraft:deaths":17,"minecraft:sneak_time":1568,"minecraft:walk_under_water_one_cm":13230,"minecraft:jump":2716,"minecraft:walk_on_water_one_cm":28068,"minecraft:total_world_time":122701,"minecraft:interact_with_furnace":12,"minecraft:time_since_rest":158,"minecraft:damage_taken":5717,"minecraft:trigger_trapped_chest":2,"minecraft:damage_dealt":9873,"minecraft:swim_one_cm":25619,"minecraft:fly_one_cm":450966,"minecraft:open_chest":21,"minecraft:crouch_one_cm":5865,"minecraft:fall_one_cm":84947},"minecraft:crafted":{"minecraft:oak_planks":76,"minecraft:cooked_chicken":1,"minecraft:furnace":1,"minecraft:iron_axe":1,"minecraft:stone_pickaxe":1,"minecraft:dark_oak_planks":4,"minecraft:crafting_table":2,"minecraft:wooden_pickaxe":1,"minecraft:iron_helmet":1,"minecraft:air":0,"minecraft:iron_chestplate":1,"minecraft:stick":28,"minecraft:iron_ingot":13,"minecraft:iron_pickaxe":1,"minecraft:wooden_axe":1,"minecraft:torch":148},"minecraft:killed":{"born_in_chaos_v1:zombie_clown":1,"creeperoverhaul:hills_creeper":1,"minecraft:spider":1,"born_in_chaos_v1:zombie_bruiser":2,"born_in_chaos_v1:maggot":4,"minecraft:skeleton":5,"minecraft:chicken":1,"born_in_chaos_v1:spiritof_chaos":2,"born_in_chaos_v1:baby_skeleton":1,"minecraft:iron_golem":1,"minecraft:creeper":3,"born_in_chaos_v1:decrepit_skeleton":5,"minecraft:zombie":5,"born_in_chaos_v1:dread_hound":1,"born_in_chaos_v1:corpse_fly":8,"minecraft:enderman":1},"minecraft:killed_by":{"minecraft:player":3,"born_in_chaos_v1:nightmare_stalker":1,"born_in_chaos_v1:corpse_fly":1,"alexsmobs:mantis_shrimp":1,"born_in_chaos_v1:decrepit_skeleton":1,"minecraft:skeleton":2,"minecraft:zombie":1,"iceandfire:fire_dragon":3},"minecraft:dropped":{"minecraft:flint":2,"born_in_chaos_v1:gnawed_bones":1,"minecraft:wooden_axe":1,"gravestone:obituary":5,"mowziesmobs:wrought_helmet":1,"minecraft:white_tulip":2,"minecraft:birch_sapling":1,"minecraft:gunpowder":2,"minecraft:stone_pickaxe":1},"minecraft:used":{"minecraft:spruce_planks":1,"dynamictrees:oak_seed":1,"minecraft:cooked_chicken":1,"minecraft:rotten_flesh":5,"minecraft:torch":105,"minecraft:dirt":14,"minecraft:carrot":33,"born_in_chaos_v1:corpse_maggot":2,"minecraft:wooden_axe":27,"minecraft:iron_axe":159,"minecraft:smooth_quartz":2,"minecraft:furnace":3,"minecraft:potato":18,"minecraft:cobbled_deepslate":11,"minecraft:stone_pickaxe":30,"minecraft:oak_planks":42,"minecraft:wooden_pickaxe":11,"minecraft:crafting_table":5,"minecraft:oak_log":4,"minecraft:apple":13,"minecraft:iron_pickaxe":138,"minecraft:stone_axe":37,"minecraft:cobblestone":8},"minecraft:broken":{"minecraft:iron_axe":1},"minecraft:picked_up":{"minecraft:wooden_axe":3,"iceandfire:dragon_skull_lightning":1,"minecraft:crafting_table":4,"minecraft:iron_chestplate":2,"minecraft:chicken":1,"born_in_chaos_v1:seedof_chaos":3,"minecraft:wooden_pickaxe":3,"aether:iron_gloves":1,"gravestone:obituary":4,"minecraft:chain":1,"minecraft:string":7,"minecraft:iron_axe":2,"born_in_chaos_v1:intoxicating_decoction":3,"minecraft:iron_shovel":3,"minecraft:cobbled_deepslate":11,"minecraft:gold_nugget":18,"minecraft:spruce_planks":2,"minecraft:white_tulip":4,"born_in_chaos_v1:gnawed_bones":3,"minecraft:smooth_quartz":8,"minecraft:poppy":4,"dynamictrees:oak_seed":1,"minecraft:iron_pickaxe":2,"born_in_chaos_v1:stimulating_decoction":6,"minecraft:birch_sapling":1,"minecraft:furnace":5,"minecraft:stick":28,"minecraft:raw_iron":23,"iceandfire:dragonbone":21,"born_in_chaos_v1:shattered_skull":3,"minecraft:torch":107,"minecraft:spruce_fence":1,"minecraft:carrot":37,"born_in_chaos_v1:pieceofdarkmetal":2,"minecraft:redstone":4,"minecraft:dark_oak_planks":18,"minecraft:arrow":8,"minecraft:rotten_flesh":72,"minecraft:red_tulip":1,"minecraft:cobblestone":44,"born_in_chaos_v1:corpse_maggot":2,"minecraft:feather":3,"minecraft:andesite":41,"minecraft:potato":20,"minecraft:flint":2,"minecraft:oak_log":24,"minecraft:gunpowder":8,"minecraft:lapis_lazuli":32,"minecraft:dirt":16,"born_in_chaos_v1:monster_skin":3,"minecraft:bone":12,"minecraft:orange_tulip":1,"minecraft:wheat_seeds":30,"minecraft:iron_ingot":6,"minecraft:stone_pickaxe":5,"minecraft:oak_planks":41,"minecraft:book":9,"born_in_chaos_v1:ethereal_spirit":2,"minecraft:dandelion":12,"minecraft:gravel":3,"mowziesmobs:wrought_helmet":1,"minecraft:diamond":3,"minecraft:stone_axe":2,"evilcraft:dark_gem":73,"minecraft:iron_helmet":2,"minecraft:emerald":3,"minecraft:coal":142,"minecraft:dark_oak_wood":2,"iceandfire:raw_silver":12,"minecraft:ender_pearl":1},"minecraft:mined":{"minecraft:diamond_ore":1,"minecraft:spruce_planks":1,"iceandfire:silver_ore":5,"minecraft:deepslate_diamond_ore":2,"gravestone:gravestone":2,"minecraft:grass_block":5,"minecraft:spruce_fence":1,"iceandfire:deepslate_silver_ore":1,"minecraft:furnace":3,"minecraft:carrots":11,"minecraft:iron_ore":13,"minecraft:fire":3,"minecraft:andesite":36,"evilcraft:dark_ore":8,"minecraft:azure_bluet":1,"minecraft:bookshelf":1,"minecraft:potatoes":5,"minecraft:vine":1,"iceandfire:gold_pile":1,"minecraft:pink_tulip":4,"minecraft:stone":36,"iceandfire:chared_cobblestone":5,"minecraft:dandelion":1,"minecraft:cornflower":3,"minecraft:crafting_table":4,"minecraft:torch":10,"minecraft:dark_oak_wood":1,"minecraft:emerald_ore":1,"minecraft:cobblestone":2,"minecraft:lapis_ore":4,"minecraft:oak_planks":41,"minecraft:sculk":22,"minecraft:wall_torch":3,"evilcraft:dark_ore_deepslate":1,"minecraft:grass":14,"minecraft:oak_log":20,"minecraft:coal_ore":43,"evilcraft:blood_stain":1,"minecraft:dirt":14,"minecraft:smooth_quartz":4,"minecraft:deepslate":8,"iceandfire:chared_stone":2}},"DataVersion":3465}