{"stats":{"minecraft:mined":{"minecraft:furnace":1,"minecraft:iron_ore":6,"minecraft:dandelion":1,"minecraft:crafting_table":3,"minecraft:grass":1,"minecraft:coal_ore":43,"minecraft:oak_log":11,"minecraft:stone":27,"minecraft:oak_planks":1,"minecraft:wall_torch":1},"minecraft:dropped":{"minecraft:stone_pickaxe":1},"minecraft:killed_by":{"minecraft:player":1,"born_in_chaos_v1:decrepit_skeleton":1},"minecraft:crafted":{"minecraft:oak_planks":32,"minecraft:iron_axe":1,"minecraft:crafting_table":1,"minecraft:stick":12,"minecraft:wooden_pickaxe":1,"minecraft:iron_pickaxe":1,"minecraft:stone_pickaxe":1,"minecraft:wooden_axe":1,"minecraft:furnace":1,"minecraft:torch":8},"minecraft:used":{"minecraft:oak_log":3,"minecraft:wooden_axe":27,"minecraft:apple":4,"minecraft:iron_axe":1,"minecraft:stone_pickaxe":26,"minecraft:iron_pickaxe":40,"minecraft:wooden_pickaxe":11,"minecraft:torch":5,"minecraft:crafting_table":3,"minecraft:furnace":2},"minecraft:killed":{"born_in_chaos_v1:spiritof_chaos":1,"born_in_chaos_v1:corpse_fly":1,"born_in_chaos_v1:baby_skeleton":1,"minecraft:iron_golem":1,"minecraft:creeper":1,"born_in_chaos_v1:zombie_bruiser":1,"born_in_chaos_v1:decrepit_skeleton":2},"minecraft:custom":{"minecraft:time_since_rest":14655,"minecraft:interact_with_furnace":2,"minecraft:sprint_one_cm":74275,"minecraft:walk_one_cm":131251,"minecraft:damage_taken":675,"minecraft:mob_kills":8,"minecraft:drop":1,"minecraft:damage_dealt":1625,"minecraft:swim_one_cm":1992,"minecraft:interact_with_crafting_table":6,"minecraft:fly_one_cm":59760,"minecraft:open_chest":3,"minecraft:crouch_one_cm":21,"minecraft:play_time":34220,"minecraft:deaths":2,"minecraft:sneak_time":14,"minecraft:walk_under_water_one_cm":1525,"minecraft:jump":395,"minecraft:damage_dealt_resisted":111,"minecraft:leave_game":2,"minecraft:time_since_death":14629,"minecraft:walk_on_water_one_cm":1132,"minecraft:total_world_time":34220,"minecraft:climb_one_cm":368,"minecraft:fall_one_cm":9298},"minecraft:picked_up":{"minecraft:raw_iron":6,"minecraft:crafting_table":3,"born_in_chaos_v1:shattered_skull":1,"born_in_chaos_v1:seedof_chaos":1,"minecraft:torch":1,"born_in_chaos_v1:ethereal_spirit":1,"minecraft:dandelion":3,"minecraft:oak_log":11,"minecraft:gunpowder":1,"minecraft:bone":2,"minecraft:rotten_flesh":7,"minecraft:orange_tulip":1,"minecraft:wheat_seeds":1,"minecraft:iron_ingot":6,"minecraft:stone_pickaxe":1,"minecraft:poppy":2,"minecraft:birch_sapling":1,"minecraft:coal":43,"minecraft:oak_planks":1,"minecraft:cobblestone":27,"minecraft:furnace":1}},"DataVersion":3465}