{"stats":{"minecraft:mined":{"minecraft:grass":1,"minecraft:oak_log":11,"minecraft:oak_planks":1,"minecraft:wall_torch":1},"minecraft:killed_by":{"minecraft:player":1,"born_in_chaos_v1:decrepit_skeleton":1},"minecraft:crafted":{"minecraft:oak_planks":32},"minecraft:used":{"minecraft:oak_log":3},"minecraft:killed":{"born_in_chaos_v1:decrepit_skeleton":1},"minecraft:custom":{"minecraft:time_since_rest":2655,"minecraft:open_chest":3,"minecraft:crouch_one_cm":21,"minecraft:deaths":2,"minecraft:sprint_one_cm":40417,"minecraft:play_time":22220,"minecraft:damage_taken":490,"minecraft:walk_one_cm":82375,"minecraft:sneak_time":12,"minecraft:walk_under_water_one_cm":230,"minecraft:mob_kills":1,"minecraft:jump":234,"minecraft:damage_dealt":279,"minecraft:leave_game":2,"minecraft:walk_on_water_one_cm":482,"minecraft:time_since_death":2629,"minecraft:climb_one_cm":368,"minecraft:total_world_time":22220,"minecraft:fall_one_cm":4832,"minecraft:fly_one_cm":36188},"minecraft:picked_up":{"minecraft:bone":2,"minecraft:torch":1,"minecraft:wheat_seeds":1,"minecraft:orange_tulip":1,"minecraft:dandelion":2,"minecraft:oak_log":11,"minecraft:oak_planks":1}},"DataVersion":3465}