{"stats":{"minecraft:mined":{"minecraft:spruce_planks":1,"minecraft:dandelion":1,"minecraft:crafting_table":4,"minecraft:torch":8,"gravestone:gravestone":1,"minecraft:dark_oak_wood":1,"minecraft:emerald_ore":1,"minecraft:spruce_fence":1,"minecraft:oak_planks":41,"minecraft:wall_torch":2,"minecraft:furnace":3,"minecraft:carrots":11,"minecraft:iron_ore":13,"minecraft:grass":2,"minecraft:bookshelf":1,"minecraft:oak_log":19,"minecraft:potatoes":5,"minecraft:coal_ore":43,"evilcraft:blood_stain":1,"minecraft:dirt":1,"minecraft:smooth_quartz":2,"minecraft:stone":29},"minecraft:dropped":{"minecraft:birch_sapling":1,"minecraft:gunpowder":2,"minecraft:wooden_axe":1,"minecraft:stone_pickaxe":1},"minecraft:killed_by":{"minecraft:player":2,"born_in_chaos_v1:decrepit_skeleton":1,"minecraft:skeleton":1},"minecraft:used":{"minecraft:stone_pickaxe":27,"minecraft:oak_planks":42,"minecraft:wooden_pickaxe":11,"dynamictrees:oak_seed":1,"minecraft:cooked_chicken":1,"minecraft:torch":23,"minecraft:crafting_table":4,"minecraft:carrot":33,"minecraft:oak_log":3,"born_in_chaos_v1:corpse_maggot":2,"minecraft:wooden_axe":27,"minecraft:apple":13,"minecraft:iron_axe":107,"minecraft:iron_pickaxe":55,"minecraft:furnace":3,"minecraft:potato":16},"minecraft:crafted":{"minecraft:oak_planks":72,"minecraft:crafting_table":1,"minecraft:iron_helmet":1,"minecraft:wooden_pickaxe":1,"minecraft:cooked_chicken":1,"minecraft:furnace":1,"minecraft:air":0,"minecraft:iron_chestplate":1,"minecraft:iron_axe":1,"minecraft:stick":12,"minecraft:iron_ingot":13,"minecraft:iron_pickaxe":1,"minecraft:stone_pickaxe":1,"minecraft:wooden_axe":1,"minecraft:torch":40},"minecraft:killed":{"born_in_chaos_v1:spiritof_chaos":2,"born_in_chaos_v1:zombie_clown":1,"creeperoverhaul:hills_creeper":1,"born_in_chaos_v1:baby_skeleton":1,"minecraft:spider":1,"minecraft:iron_golem":1,"minecraft:creeper":1,"born_in_chaos_v1:zombie_bruiser":1,"born_in_chaos_v1:decrepit_skeleton":4,"born_in_chaos_v1:maggot":3,"born_in_chaos_v1:dread_hound":1,"minecraft:chicken":1,"born_in_chaos_v1:corpse_fly":2,"minecraft:enderman":1},"minecraft:custom":{"minecraft:interact_with_furnace":12,"minecraft:mob_kills":21,"minecraft:interact_with_crafting_table":9,"minecraft:damage_dealt_resisted":111,"minecraft:leave_game":5,"minecraft:time_since_death":8798,"minecraft:climb_one_cm":1213,"minecraft:time_since_rest":8824,"minecraft:sprint_one_cm":218950,"minecraft:damage_taken":2044,"minecraft:walk_one_cm":327435,"minecraft:drop":4,"minecraft:damage_dealt":4920,"minecraft:swim_one_cm":12843,"minecraft:fly_one_cm":164715,"minecraft:open_chest":4,"minecraft:play_time":73990,"minecraft:crouch_one_cm":1934,"minecraft:deaths":4,"minecraft:sneak_time":752,"minecraft:walk_under_water_one_cm":5806,"minecraft:jump":1240,"minecraft:walk_on_water_one_cm":9230,"minecraft:total_world_time":73990,"minecraft:fall_one_cm":30355},"minecraft:picked_up":{"minecraft:wooden_axe":1,"born_in_chaos_v1:corpse_maggot":2,"minecraft:crafting_table":4,"minecraft:feather":1,"minecraft:chicken":1,"born_in_chaos_v1:seedof_chaos":1,"minecraft:wooden_pickaxe":1,"minecraft:potato":18,"minecraft:oak_log":22,"minecraft:gunpowder":2,"minecraft:string":2,"born_in_chaos_v1:monster_skin":1,"born_in_chaos_v1:intoxicating_decoction":1,"minecraft:bone":2,"minecraft:orange_tulip":1,"minecraft:wheat_seeds":6,"minecraft:spruce_planks":1,"minecraft:iron_ingot":6,"minecraft:stone_pickaxe":1,"born_in_chaos_v1:gnawed_bones":1,"dynamictrees:oak_seed":1,"minecraft:poppy":2,"minecraft:smooth_quartz":2,"born_in_chaos_v1:stimulating_decoction":2,"minecraft:birch_sapling":1,"minecraft:oak_planks":41,"minecraft:furnace":3,"minecraft:book":3,"minecraft:stick":17,"minecraft:raw_iron":13,"born_in_chaos_v1:shattered_skull":1,"minecraft:torch":11,"born_in_chaos_v1:ethereal_spirit":2,"minecraft:dandelion":4,"minecraft:spruce_fence":1,"minecraft:carrot":37,"minecraft:rotten_flesh":12,"minecraft:red_tulip":1,"minecraft:emerald":1,"minecraft:dark_oak_wood":1,"minecraft:coal":82,"minecraft:cobblestone":29,"minecraft:ender_pearl":1}},"DataVersion":3465}