{"stats":{"minecraft:mined":{"minecraft:spruce_planks":1,"minecraft:dandelion":1,"minecraft:crafting_table":4,"minecraft:torch":3,"minecraft:dark_oak_wood":1,"minecraft:emerald_ore":1,"minecraft:spruce_fence":1,"minecraft:oak_planks":3,"minecraft:wall_torch":2,"minecraft:furnace":2,"minecraft:iron_ore":13,"minecraft:grass":1,"minecraft:bookshelf":1,"minecraft:oak_log":18,"minecraft:coal_ore":43,"minecraft:smooth_quartz":2,"minecraft:stone":29},"minecraft:dropped":{"minecraft:stone_pickaxe":1},"minecraft:killed_by":{"minecraft:player":1,"born_in_chaos_v1:decrepit_skeleton":1},"minecraft:used":{"minecraft:stone_pickaxe":26,"minecraft:oak_planks":24,"minecraft:wooden_pickaxe":11,"minecraft:torch":13,"minecraft:crafting_table":4,"minecraft:oak_log":3,"minecraft:wooden_axe":27,"minecraft:apple":13,"minecraft:iron_axe":29,"minecraft:iron_pickaxe":54,"minecraft:furnace":2},"minecraft:crafted":{"minecraft:oak_planks":72,"minecraft:crafting_table":1,"minecraft:wooden_pickaxe":1,"minecraft:iron_helmet":1,"minecraft:furnace":1,"minecraft:air":0,"minecraft:iron_chestplate":1,"minecraft:iron_axe":1,"minecraft:stick":12,"minecraft:iron_ingot":13,"minecraft:iron_pickaxe":1,"minecraft:stone_pickaxe":1,"minecraft:wooden_axe":1,"minecraft:torch":8},"minecraft:killed":{"born_in_chaos_v1:spiritof_chaos":1,"born_in_chaos_v1:baby_skeleton":1,"minecraft:spider":1,"minecraft:iron_golem":1,"minecraft:creeper":1,"born_in_chaos_v1:zombie_bruiser":1,"born_in_chaos_v1:decrepit_skeleton":2,"born_in_chaos_v1:corpse_fly":1},"minecraft:custom":{"minecraft:interact_with_furnace":6,"minecraft:mob_kills":9,"minecraft:interact_with_crafting_table":9,"minecraft:damage_dealt_resisted":111,"minecraft:leave_game":2,"minecraft:time_since_death":20629,"minecraft:climb_one_cm":368,"minecraft:time_since_rest":20655,"minecraft:sprint_one_cm":98641,"minecraft:damage_taken":965,"minecraft:walk_one_cm":170928,"minecraft:drop":1,"minecraft:damage_dealt":2326,"minecraft:swim_one_cm":1992,"minecraft:fly_one_cm":79377,"minecraft:open_chest":3,"minecraft:crouch_one_cm":83,"minecraft:play_time":40220,"minecraft:deaths":2,"minecraft:sneak_time":79,"minecraft:walk_under_water_one_cm":1525,"minecraft:jump":583,"minecraft:walk_on_water_one_cm":2316,"minecraft:total_world_time":40220,"minecraft:fall_one_cm":13814},"minecraft:picked_up":{"minecraft:crafting_table":4,"born_in_chaos_v1:seedof_chaos":1,"minecraft:oak_log":21,"minecraft:gunpowder":1,"minecraft:bone":2,"minecraft:wheat_seeds":1,"minecraft:orange_tulip":1,"minecraft:spruce_planks":1,"minecraft:iron_ingot":6,"minecraft:stone_pickaxe":1,"minecraft:poppy":2,"dynamictrees:oak_seed":1,"minecraft:smooth_quartz":2,"minecraft:birch_sapling":1,"minecraft:oak_planks":3,"minecraft:furnace":2,"minecraft:book":3,"minecraft:stick":15,"minecraft:raw_iron":13,"born_in_chaos_v1:shattered_skull":1,"minecraft:dandelion":3,"minecraft:torch":5,"born_in_chaos_v1:ethereal_spirit":1,"minecraft:spruce_fence":1,"minecraft:rotten_flesh":7,"minecraft:emerald":1,"minecraft:dark_oak_wood":1,"minecraft:coal":52,"minecraft:cobblestone":29}},"DataVersion":3465}