{"stats":{"minecraft:mined":{"minecraft:oak_log":3},"minecraft:used":{"minecraft:oak_log":2},"minecraft:custom":{"minecraft:jump":51,"minecraft:time_since_rest":8399,"minecraft:leave_game":1,"minecraft:damage_dealt":75,"minecraft:walk_on_water_one_cm":181,"minecraft:sprint_one_cm":10251,"minecraft:play_time":8399,"minecraft:time_since_death":8399,"minecraft:walk_one_cm":24846,"minecraft:total_world_time":8399,"minecraft:walk_under_water_one_cm":230,"minecraft:fall_one_cm":894,"minecraft:fly_one_cm":7615},"minecraft:picked_up":{"minecraft:oak_log":3}},"DataVersion":3465}