{"stats":{"minecraft:mined":{"minecraft:spruce_planks":1,"iceandfire:silver_ore":4,"minecraft:dandelion":1,"minecraft:crafting_table":4,"minecraft:torch":8,"gravestone:gravestone":1,"minecraft:dark_oak_wood":1,"minecraft:grass_block":2,"minecraft:emerald_ore":1,"minecraft:spruce_fence":1,"minecraft:oak_planks":41,"minecraft:wall_torch":2,"minecraft:furnace":3,"minecraft:carrots":11,"minecraft:iron_ore":13,"minecraft:grass":2,"minecraft:bookshelf":1,"minecraft:oak_log":19,"minecraft:potatoes":5,"minecraft:coal_ore":43,"evilcraft:blood_stain":1,"minecraft:dirt":4,"minecraft:smooth_quartz":2,"minecraft:stone":31},"minecraft:dropped":{"minecraft:birch_sapling":1,"minecraft:gunpowder":2,"minecraft:wooden_axe":1,"minecraft:stone_pickaxe":1},"minecraft:killed_by":{"minecraft:player":2,"born_in_chaos_v1:decrepit_skeleton":1,"minecraft:skeleton":2,"born_in_chaos_v1:corpse_fly":1},"minecraft:used":{"minecraft:stone_pickaxe":27,"minecraft:oak_planks":42,"minecraft:spruce_planks":1,"minecraft:wooden_pickaxe":11,"dynamictrees:oak_seed":1,"minecraft:rotten_flesh":5,"minecraft:cooked_chicken":1,"minecraft:torch":27,"minecraft:dirt":5,"minecraft:crafting_table":4,"minecraft:carrot":33,"minecraft:oak_log":4,"born_in_chaos_v1:corpse_maggot":2,"minecraft:wooden_axe":27,"minecraft:apple":13,"minecraft:iron_axe":122,"minecraft:iron_pickaxe":61,"minecraft:furnace":3,"minecraft:potato":18},"minecraft:crafted":{"minecraft:oak_planks":72,"minecraft:crafting_table":1,"minecraft:iron_helmet":1,"minecraft:wooden_pickaxe":1,"minecraft:cooked_chicken":1,"minecraft:furnace":1,"minecraft:air":0,"minecraft:iron_chestplate":1,"minecraft:iron_axe":1,"minecraft:stick":12,"minecraft:iron_ingot":13,"minecraft:iron_pickaxe":1,"minecraft:stone_pickaxe":1,"minecraft:wooden_axe":1,"minecraft:torch":84},"minecraft:killed":{"born_in_chaos_v1:spiritof_chaos":2,"born_in_chaos_v1:zombie_clown":1,"creeperoverhaul:hills_creeper":1,"born_in_chaos_v1:baby_skeleton":1,"minecraft:spider":1,"minecraft:iron_golem":1,"minecraft:creeper":1,"born_in_chaos_v1:zombie_bruiser":1,"born_in_chaos_v1:decrepit_skeleton":4,"born_in_chaos_v1:maggot":4,"minecraft:skeleton":1,"minecraft:zombie":1,"born_in_chaos_v1:dread_hound":1,"minecraft:chicken":1,"born_in_chaos_v1:corpse_fly":6,"minecraft:enderman":1},"minecraft:custom":{"minecraft:interact_with_furnace":12,"minecraft:mob_kills":28,"minecraft:interact_with_crafting_table":9,"minecraft:damage_dealt_resisted":111,"minecraft:leave_game":5,"minecraft:time_since_death":1066,"minecraft:climb_one_cm":1213,"minecraft:time_since_rest":1084,"minecraft:sprint_one_cm":263772,"minecraft:damage_taken":3322,"minecraft:walk_one_cm":399481,"minecraft:drop":4,"minecraft:damage_dealt":5905,"minecraft:swim_one_cm":13828,"minecraft:fly_one_cm":200949,"minecraft:open_chest":4,"minecraft:play_time":85857,"minecraft:crouch_one_cm":2060,"minecraft:deaths":7,"minecraft:sneak_time":790,"minecraft:walk_under_water_one_cm":6651,"minecraft:jump":1480,"minecraft:walk_on_water_one_cm":11774,"minecraft:total_world_time":85857,"minecraft:fall_one_cm":49074},"minecraft:picked_up":{"minecraft:wooden_axe":2,"born_in_chaos_v1:corpse_maggot":2,"minecraft:crafting_table":4,"minecraft:feather":2,"minecraft:chicken":1,"born_in_chaos_v1:seedof_chaos":2,"minecraft:wooden_pickaxe":2,"minecraft:potato":20,"minecraft:oak_log":23,"gravestone:obituary":2,"minecraft:gunpowder":2,"minecraft:dirt":5,"minecraft:string":4,"minecraft:iron_axe":1,"minecraft:iron_shovel":1,"born_in_chaos_v1:monster_skin":2,"born_in_chaos_v1:intoxicating_decoction":2,"minecraft:bone":6,"minecraft:orange_tulip":1,"minecraft:wheat_seeds":30,"minecraft:spruce_planks":2,"minecraft:white_tulip":2,"minecraft:iron_ingot":6,"minecraft:stone_pickaxe":3,"born_in_chaos_v1:gnawed_bones":2,"minecraft:iron_pickaxe":1,"dynamictrees:oak_seed":1,"minecraft:poppy":3,"minecraft:smooth_quartz":4,"born_in_chaos_v1:stimulating_decoction":4,"minecraft:birch_sapling":1,"minecraft:oak_planks":41,"minecraft:furnace":4,"minecraft:book":6,"minecraft:stick":28,"minecraft:raw_iron":13,"born_in_chaos_v1:shattered_skull":2,"minecraft:torch":25,"born_in_chaos_v1:ethereal_spirit":2,"minecraft:dandelion":8,"minecraft:spruce_fence":1,"minecraft:carrot":37,"minecraft:arrow":1,"minecraft:rotten_flesh":35,"minecraft:stone_axe":1,"minecraft:red_tulip":1,"minecraft:emerald":2,"minecraft:dark_oak_wood":2,"minecraft:coal":117,"iceandfire:raw_silver":4,"minecraft:cobblestone":31,"minecraft:ender_pearl":1}},"DataVersion":3465}