{"stats":{"minecraft:crafted":{"minecraft:oak_planks":72,"minecraft:crafting_table":2,"minecraft:iron_helmet":1,"minecraft:wooden_pickaxe":1,"minecraft:cooked_chicken":1,"minecraft:furnace":1,"minecraft:air":0,"minecraft:iron_chestplate":1,"minecraft:iron_axe":1,"minecraft:stick":12,"minecraft:iron_ingot":13,"minecraft:iron_pickaxe":1,"minecraft:stone_pickaxe":1,"minecraft:wooden_axe":1,"minecraft:dark_oak_planks":4,"minecraft:torch":84},"minecraft:custom":{"minecraft:interact_with_furnace":12,"minecraft:mob_kills":32,"minecraft:interact_with_crafting_table":11,"minecraft:damage_dealt_resisted":111,"minecraft:leave_game":7,"minecraft:time_since_death":2255,"minecraft:climb_one_cm":1213,"minecraft:time_since_rest":2275,"minecraft:sprint_one_cm":318891,"minecraft:damage_taken":4057,"minecraft:walk_one_cm":471688,"minecraft:drop":7,"minecraft:damage_dealt":7170,"minecraft:swim_one_cm":14982,"minecraft:fly_one_cm":237726,"minecraft:open_chest":5,"minecraft:play_time":99205,"minecraft:crouch_one_cm":3077,"minecraft:deaths":10,"minecraft:sneak_time":1232,"minecraft:walk_under_water_one_cm":7811,"minecraft:jump":1743,"minecraft:walk_on_water_one_cm":14621,"minecraft:total_world_time":99205,"minecraft:fall_one_cm":56268},"minecraft:killed":{"born_in_chaos_v1:spiritof_chaos":2,"born_in_chaos_v1:zombie_clown":1,"creeperoverhaul:hills_creeper":1,"born_in_chaos_v1:baby_skeleton":1,"minecraft:spider":1,"minecraft:iron_golem":1,"minecraft:creeper":1,"born_in_chaos_v1:zombie_bruiser":2,"born_in_chaos_v1:decrepit_skeleton":5,"born_in_chaos_v1:maggot":4,"minecraft:skeleton":1,"minecraft:zombie":1,"born_in_chaos_v1:dread_hound":1,"minecraft:chicken":1,"born_in_chaos_v1:corpse_fly":7,"minecraft:enderman":1},"minecraft:killed_by":{"minecraft:player":2,"born_in_chaos_v1:decrepit_skeleton":1,"born_in_chaos_v1:nightmare_stalker":1,"minecraft:skeleton":2,"born_in_chaos_v1:corpse_fly":1,"iceandfire:fire_dragon":1},"minecraft:dropped":{"minecraft:birch_sapling":1,"born_in_chaos_v1:gnawed_bones":1,"minecraft:gunpowder":2,"minecraft:wooden_axe":1,"gravestone:obituary":1,"mowziesmobs:wrought_helmet":1,"minecraft:stone_pickaxe":1},"minecraft:used":{"minecraft:stone_pickaxe":28,"minecraft:oak_planks":42,"minecraft:spruce_planks":1,"minecraft:wooden_pickaxe":11,"dynamictrees:oak_seed":1,"minecraft:cooked_chicken":1,"minecraft:rotten_flesh":5,"minecraft:torch":59,"minecraft:dirt":11,"minecraft:crafting_table":5,"minecraft:carrot":33,"minecraft:oak_log":4,"born_in_chaos_v1:corpse_maggot":2,"minecraft:wooden_axe":27,"minecraft:apple":13,"minecraft:iron_axe":143,"minecraft:iron_pickaxe":98,"minecraft:smooth_quartz":2,"minecraft:cobblestone":2,"minecraft:furnace":3,"minecraft:potato":18},"minecraft:picked_up":{"minecraft:wooden_axe":3,"born_in_chaos_v1:corpse_maggot":2,"minecraft:crafting_table":4,"minecraft:iron_chestplate":2,"minecraft:feather":3,"minecraft:chicken":1,"born_in_chaos_v1:seedof_chaos":3,"minecraft:andesite":25,"minecraft:wooden_pickaxe":3,"minecraft:potato":20,"minecraft:flint":2,"minecraft:oak_log":23,"gravestone:obituary":3,"minecraft:gunpowder":8,"minecraft:string":6,"minecraft:dirt":12,"minecraft:iron_axe":2,"born_in_chaos_v1:monster_skin":3,"born_in_chaos_v1:intoxicating_decoction":3,"minecraft:iron_shovel":2,"minecraft:bone":10,"minecraft:wheat_seeds":30,"minecraft:orange_tulip":1,"minecraft:spruce_planks":2,"minecraft:iron_ingot":6,"minecraft:white_tulip":4,"minecraft:stone_pickaxe":5,"born_in_chaos_v1:gnawed_bones":3,"minecraft:smooth_quartz":8,"dynamictrees:oak_seed":1,"minecraft:poppy":4,"minecraft:iron_pickaxe":2,"born_in_chaos_v1:stimulating_decoction":6,"minecraft:birch_sapling":1,"minecraft:oak_planks":41,"minecraft:furnace":5,"minecraft:book":9,"minecraft:stick":28,"minecraft:raw_iron":13,"born_in_chaos_v1:shattered_skull":3,"minecraft:torch":55,"born_in_chaos_v1:ethereal_spirit":2,"minecraft:dandelion":12,"minecraft:spruce_fence":1,"mowziesmobs:wrought_helmet":1,"born_in_chaos_v1:pieceofdarkmetal":2,"minecraft:carrot":37,"minecraft:arrow":2,"minecraft:rotten_flesh":67,"minecraft:diamond":2,"minecraft:stone_axe":2,"evilcraft:dark_gem":68,"minecraft:iron_helmet":2,"minecraft:red_tulip":1,"minecraft:emerald":3,"minecraft:dark_oak_wood":2,"minecraft:coal":141,"iceandfire:raw_silver":11,"minecraft:cobblestone":44,"minecraft:ender_pearl":1},"minecraft:mined":{"minecraft:spruce_planks":1,"iceandfire:silver_ore":5,"minecraft:deepslate_diamond_ore":2,"minecraft:dandelion":1,"minecraft:crafting_table":4,"minecraft:torch":10,"gravestone:gravestone":1,"minecraft:dark_oak_wood":1,"minecraft:emerald_ore":1,"minecraft:spruce_fence":1,"minecraft:grass_block":2,"minecraft:cobblestone":2,"minecraft:oak_planks":41,"minecraft:wall_torch":3,"minecraft:furnace":3,"minecraft:carrots":11,"minecraft:iron_ore":13,"minecraft:andesite":17,"evilcraft:dark_ore":8,"minecraft:grass":2,"minecraft:bookshelf":1,"minecraft:potatoes":5,"minecraft:coal_ore":43,"minecraft:oak_log":19,"evilcraft:blood_stain":1,"minecraft:smooth_quartz":4,"minecraft:dirt":11,"minecraft:stone":36,"minecraft:deepslate":1}},"DataVersion":3465}