{"stats":{"minecraft:crafted":{"minecraft:oak_planks":64,"minecraft:coal":18,"wands:stone_wand":2,"minecraft:crafting_table":1,"minecraft:wooden_pickaxe":1,"minecraft:furnace":1,"minecraft:stone_axe":1,"minecraft:shield":1,"minecraft:stick":44,"quark:oak_chest":1,"minecraft:iron_pickaxe":1,"minecraft:stone_pickaxe":1,"minecraft:stone_sword":1,"minecraft:white_bed":1,"minecraft:torch":124,"minecraft:shears":1},"minecraft:custom":{"minecraft:interact_with_furnace":2,"minecraft:mob_kills":25,"minecraft:interact_with_crafting_table":11,"minecraft:damage_dealt_resisted":971,"minecraft:leave_game":11,"minecraft:time_since_death":26376,"minecraft:sleep_in_bed":1,"minecraft:climb_one_cm":5174,"minecraft:time_since_rest":711,"minecraft:sprint_one_cm":243490,"minecraft:damage_absorbed":40,"minecraft:damage_taken":3947,"minecraft:walk_one_cm":248886,"minecraft:damage_blocked_by_shield":465,"minecraft:drop":30,"minecraft:damage_dealt":5758,"minecraft:swim_one_cm":4176,"minecraft:fly_one_cm":169335,"minecraft:open_chest":39,"minecraft:crouch_one_cm":19361,"minecraft:play_time":73298,"minecraft:deaths":7,"minecraft:sneak_time":3372,"minecraft:walk_under_water_one_cm":662,"minecraft:jump":1283,"minecraft:walk_on_water_one_cm":3970,"minecraft:total_world_time":73298,"minecraft:fall_one_cm":45269},"minecraft:killed":{"minecraft:cave_spider":4,"minecraft:spider":1,"born_in_chaos_v1:decrepit_skeleton":1,"born_in_chaos_v1:maggot":2,"minecraft:sheep":1,"minecraft:skeleton":4,"minecraft:zombie":2,"born_in_chaos_v1:skeleton_thrasher":1,"minecraft:wither_skeleton":8},"minecraft:killed_by":{"minecraft:player":1,"minecraft:wither_skeleton":1,"minecraft:skeleton":1,"minecraft:zombie":2,"mca:female_villager":1},"minecraft:dropped":{"dynamictrees:oak_seed":1,"minecraft:stone_sword":1,"minecraft:mossy_cobblestone":3,"minecraft:beetroot":3,"minecraft:cobblestone":3,"minecraft:rotten_flesh":4,"minecraft:coal":1,"aether:chainmail_gloves":2,"minecraft:mutton":2,"minecraft:beetroot_seeds":6,"born_in_chaos_v1:corpse_maggot":2,"minecraft:azalea":2,"gravestone:obituary":1,"minecraft:wooden_pickaxe":2,"minecraft:iron_shovel":1,"minecraft:cyan_carpet":2},"minecraft:used":{"minecraft:wheat_seeds":3,"minecraft:iron_shovel":2,"minecraft:stone_pickaxe":39,"minecraft:oak_planks":18,"minecraft:shield":4,"minecraft:wooden_pickaxe":12,"minecraft:golden_apple":1,"minecraft:torch":71,"minecraft:dirt":4,"minecraft:crafting_table":2,"minecraft:white_bed":1,"minecraft:spruce_fence":5,"minecraft:iron_axe":180,"minecraft:bread":37,"minecraft:iron_pickaxe":46,"minecraft:cyan_carpet":1,"minecraft:smooth_quartz":2,"minecraft:stone_axe":14,"minecraft:cobblestone":10,"minecraft:furnace":1,"alexsmobs:animal_dictionary":2,"minecraft:chainmail_leggings":2},"minecraft:picked_up":{"minecraft:birch_log":7,"born_in_chaos_v1:corpse_maggot":2,"minecraft:crafting_table":1,"minecraft:wheat":1,"iceandfire:witherbone":2,"minecraft:andesite":8,"minecraft:diamond_sword":1,"minecraft:wooden_pickaxe":1,"minecraft:oak_log":39,"minecraft:string":8,"minecraft:dirt":5,"minecraft:iron_shovel":1,"minecraft:bone":18,"minecraft:cyan_carpet":3,"minecraft:beetroot":1,"minecraft:wheat_seeds":3,"minecraft:spruce_planks":5,"minecraft:azalea":2,"dynamictrees:oak_seed":1,"minecraft:smooth_quartz":2,"minecraft:coal_block":2,"minecraft:oak_planks":1,"minecraft:raw_iron":12,"minecraft:torch":13,"minecraft:spruce_fence":7,"born_in_chaos_v1:pieceofdarkmetal":1,"minecraft:spider_eye":3,"minecraft:dark_oak_planks":2,"minecraft:stone_sword":1,"minecraft:arrow":3,"minecraft:rotten_flesh":4,"minecraft:beetroot_seeds":1,"aether:chainmail_gloves":2,"evilcraft:dark_gem":9,"minecraft:mutton":2,"iceandfire:raw_silver":2,"minecraft:coal":22,"minecraft:white_wool":4,"minecraft:cobblestone":31},"minecraft:mined":{"minecraft:dark_oak_planks":2,"minecraft:spruce_planks":5,"iceandfire:silver_ore":2,"minecraft:crafting_table":1,"minecraft:torch":3,"minecraft:grass_block":6,"minecraft:spruce_fence":7,"minecraft:coal_block":2,"minecraft:cobblestone":1,"minecraft:oak_planks":1,"minecraft:wall_torch":1,"minecraft:spawner":15,"dynamictrees:oak_leaves":3,"minecraft:birch_log":7,"minecraft:iron_ore":13,"minecraft:wheat":2,"minecraft:andesite":8,"evilcraft:dark_ore":2,"minecraft:coal_ore":19,"minecraft:oak_log":39,"minecraft:beetroots":1,"minecraft:smooth_quartz":2,"minecraft:cyan_carpet":5,"minecraft:dirt":1,"minecraft:stone":29}},"DataVersion":3465}