{"stats":{"minecraft:crafted":{"minecraft:oak_planks":28,"wands:stone_wand":2,"minecraft:crafting_table":1,"minecraft:iron_pickaxe":1,"minecraft:stick":28,"minecraft:stone_pickaxe":1,"minecraft:wooden_pickaxe":1,"minecraft:stone_sword":1,"minecraft:torch":52,"minecraft:stone_axe":1},"minecraft:custom":{"minecraft:time_since_rest":8416,"minecraft:sprint_one_cm":129403,"minecraft:damage_taken":2894,"minecraft:walk_one_cm":124451,"minecraft:mob_kills":7,"minecraft:drop":9,"minecraft:damage_dealt":1907,"minecraft:swim_one_cm":4176,"minecraft:interact_with_crafting_table":6,"minecraft:fly_one_cm":83702,"minecraft:open_chest":24,"minecraft:play_time":55298,"minecraft:crouch_one_cm":13935,"minecraft:sneak_time":2381,"minecraft:deaths":7,"minecraft:walk_under_water_one_cm":662,"minecraft:damage_dealt_resisted":554,"minecraft:jump":733,"minecraft:leave_game":11,"minecraft:time_since_death":8376,"minecraft:walk_on_water_one_cm":3646,"minecraft:total_world_time":55298,"minecraft:climb_one_cm":4402,"minecraft:fall_one_cm":30659},"minecraft:killed":{"minecraft:cave_spider":2,"minecraft:wither_skeleton":5},"minecraft:killed_by":{"minecraft:player":1,"minecraft:wither_skeleton":1,"minecraft:skeleton":1,"minecraft:zombie":2,"mca:female_villager":1},"minecraft:dropped":{"aether:chainmail_gloves":2,"minecraft:stone_sword":1,"minecraft:mossy_cobblestone":3,"minecraft:beetroot_seeds":6,"minecraft:wooden_pickaxe":2,"minecraft:cyan_carpet":1},"minecraft:used":{"minecraft:wheat_seeds":3,"minecraft:iron_shovel":2,"minecraft:bread":17,"minecraft:iron_axe":35,"minecraft:stone_pickaxe":39,"minecraft:cyan_carpet":1,"minecraft:wooden_pickaxe":12,"minecraft:smooth_quartz":2,"minecraft:torch":23,"minecraft:stone_axe":8,"minecraft:dirt":4,"minecraft:cobblestone":3,"minecraft:crafting_table":2,"alexsmobs:animal_dictionary":2,"minecraft:spruce_fence":2,"minecraft:chainmail_leggings":2},"minecraft:picked_up":{"minecraft:crafting_table":1,"minecraft:wheat":1,"iceandfire:witherbone":2,"minecraft:torch":7,"minecraft:wooden_pickaxe":1,"minecraft:spruce_fence":6,"minecraft:oak_log":7,"minecraft:spider_eye":1,"minecraft:dirt":5,"minecraft:string":5,"minecraft:stone_sword":1,"minecraft:bone":7,"minecraft:cyan_carpet":3,"minecraft:beetroot":1,"minecraft:beetroot_seeds":1,"minecraft:wheat_seeds":3,"aether:chainmail_gloves":2,"minecraft:smooth_quartz":2,"minecraft:coal":20,"minecraft:cobblestone":18},"minecraft:mined":{"minecraft:wheat":2,"minecraft:crafting_table":1,"minecraft:torch":2,"minecraft:grass_block":5,"minecraft:oak_log":7,"minecraft:spruce_fence":6,"minecraft:coal_ore":19,"minecraft:beetroots":1,"minecraft:dirt":1,"minecraft:cyan_carpet":2,"minecraft:smooth_quartz":2,"minecraft:stone":18,"minecraft:spawner":10}},"DataVersion":3465}