{"stats":{"minecraft:crafted":{"minecraft:oak_planks":52,"wands:stone_wand":2,"minecraft:crafting_table":1,"minecraft:wooden_pickaxe":1,"minecraft:furnace":1,"minecraft:stone_axe":1,"minecraft:stick":32,"minecraft:iron_pickaxe":1,"minecraft:stone_pickaxe":1,"minecraft:stone_sword":1,"minecraft:torch":52,"minecraft:shears":1},"minecraft:custom":{"minecraft:interact_with_furnace":1,"minecraft:mob_kills":22,"minecraft:interact_with_crafting_table":7,"minecraft:damage_dealt_resisted":863,"minecraft:leave_game":11,"minecraft:time_since_death":20376,"minecraft:climb_one_cm":5174,"minecraft:time_since_rest":20416,"minecraft:sprint_one_cm":218093,"minecraft:damage_taken":3346,"minecraft:walk_one_cm":207529,"minecraft:drop":27,"minecraft:damage_dealt":4984,"minecraft:swim_one_cm":4176,"minecraft:fly_one_cm":158224,"minecraft:open_chest":34,"minecraft:crouch_one_cm":18903,"minecraft:play_time":67298,"minecraft:deaths":7,"minecraft:sneak_time":3265,"minecraft:walk_under_water_one_cm":662,"minecraft:jump":1216,"minecraft:walk_on_water_one_cm":3970,"minecraft:total_world_time":67298,"minecraft:fall_one_cm":44642},"minecraft:killed":{"minecraft:cave_spider":2,"born_in_chaos_v1:decrepit_skeleton":1,"born_in_chaos_v1:maggot":2,"minecraft:sheep":1,"minecraft:skeleton":4,"minecraft:zombie":2,"born_in_chaos_v1:skeleton_thrasher":1,"minecraft:wither_skeleton":8},"minecraft:killed_by":{"minecraft:player":1,"minecraft:wither_skeleton":1,"minecraft:skeleton":1,"minecraft:zombie":2,"mca:female_villager":1},"minecraft:dropped":{"dynamictrees:oak_seed":1,"minecraft:stone_sword":1,"minecraft:mossy_cobblestone":3,"minecraft:beetroot":3,"minecraft:cobblestone":2,"minecraft:rotten_flesh":4,"minecraft:coal":1,"aether:chainmail_gloves":2,"minecraft:mutton":2,"minecraft:beetroot_seeds":6,"born_in_chaos_v1:corpse_maggot":2,"gravestone:obituary":1,"minecraft:wooden_pickaxe":2,"minecraft:iron_shovel":1,"minecraft:cyan_carpet":2},"minecraft:used":{"minecraft:wheat_seeds":3,"minecraft:iron_shovel":2,"minecraft:stone_pickaxe":39,"minecraft:oak_planks":11,"minecraft:wooden_pickaxe":12,"minecraft:torch":64,"minecraft:dirt":4,"minecraft:crafting_table":2,"minecraft:spruce_fence":5,"minecraft:iron_axe":162,"minecraft:bread":31,"minecraft:iron_pickaxe":41,"minecraft:cyan_carpet":1,"minecraft:smooth_quartz":2,"minecraft:stone_axe":9,"minecraft:cobblestone":10,"minecraft:furnace":1,"alexsmobs:animal_dictionary":2,"minecraft:chainmail_leggings":2},"minecraft:picked_up":{"minecraft:birch_log":7,"born_in_chaos_v1:corpse_maggot":2,"minecraft:crafting_table":1,"minecraft:wheat":1,"iceandfire:witherbone":2,"minecraft:andesite":8,"minecraft:diamond_sword":1,"minecraft:wooden_pickaxe":1,"minecraft:oak_log":39,"minecraft:string":5,"minecraft:dirt":5,"minecraft:iron_shovel":1,"minecraft:bone":18,"minecraft:cyan_carpet":3,"minecraft:beetroot":1,"minecraft:wheat_seeds":3,"minecraft:spruce_planks":2,"minecraft:azalea":2,"dynamictrees:oak_seed":1,"minecraft:smooth_quartz":2,"minecraft:raw_iron":12,"minecraft:torch":12,"minecraft:spruce_fence":7,"born_in_chaos_v1:pieceofdarkmetal":1,"minecraft:spider_eye":1,"minecraft:stone_sword":1,"minecraft:arrow":3,"minecraft:rotten_flesh":4,"minecraft:beetroot_seeds":1,"aether:chainmail_gloves":2,"evilcraft:dark_gem":9,"minecraft:mutton":2,"iceandfire:raw_silver":2,"minecraft:coal":22,"minecraft:white_wool":4,"minecraft:cobblestone":31},"minecraft:mined":{"minecraft:spruce_planks":2,"iceandfire:silver_ore":2,"minecraft:crafting_table":1,"minecraft:torch":2,"minecraft:grass_block":6,"minecraft:spruce_fence":7,"minecraft:cobblestone":1,"minecraft:wall_torch":1,"minecraft:spawner":13,"dynamictrees:oak_leaves":3,"minecraft:birch_log":7,"minecraft:iron_ore":13,"minecraft:wheat":2,"minecraft:andesite":8,"evilcraft:dark_ore":2,"minecraft:coal_ore":19,"minecraft:oak_log":39,"minecraft:beetroots":1,"minecraft:smooth_quartz":2,"minecraft:cyan_carpet":5,"minecraft:dirt":1,"minecraft:stone":29}},"DataVersion":3465}