{"stats":{"minecraft:mined":{"minecraft:beetroots":1,"minecraft:wheat":2},"minecraft:killed_by":{"minecraft:zombie":1,"mca:female_villager":1},"minecraft:used":{"minecraft:wheat_seeds":3,"alexsmobs:animal_dictionary":2},"minecraft:custom":{"minecraft:time_since_rest":2222,"minecraft:crouch_one_cm":68,"minecraft:sprint_one_cm":9346,"minecraft:play_time":15554,"minecraft:deaths":2,"minecraft:damage_taken":637,"minecraft:walk_one_cm":16612,"minecraft:sneak_time":34,"minecraft:jump":80,"minecraft:damage_dealt":5,"minecraft:leave_game":7,"minecraft:time_since_death":1460,"minecraft:total_world_time":15554,"minecraft:fall_one_cm":2682,"minecraft:fly_one_cm":15554},"minecraft:picked_up":{"minecraft:wheat":1,"minecraft:beetroot":1,"minecraft:beetroot_seeds":1,"minecraft:wheat_seeds":3}},"DataVersion":3465}