{"stats":{"minecraft:custom":{"minecraft:mob_kills":42,"minecraft:interact_with_crafting_table":11,"minecraft:damage_dealt_resisted":1027,"minecraft:leave_game":11,"minecraft:time_since_death":44376,"minecraft:climb_one_cm":6006,"minecraft:sprint_one_cm":359973,"minecraft:walk_one_cm":365098,"minecraft:damage_blocked_by_shield":800,"minecraft:drop":54,"minecraft:talked_to_villager":1,"minecraft:play_time":91298,"minecraft:deaths":7,"minecraft:sneak_time":3705,"minecraft:walk_under_water_one_cm":1404,"minecraft:jump":2002,"minecraft:walk_on_water_one_cm":6357,"minecraft:total_world_time":91298,"minecraft:interact_with_furnace":2,"minecraft:sleep_in_bed":1,"minecraft:time_since_rest":18711,"minecraft:damage_taken":4638,"minecraft:damage_absorbed":40,"minecraft:damage_dealt":7948,"minecraft:swim_one_cm":28277,"minecraft:fly_one_cm":320367,"minecraft:open_chest":70,"minecraft:crouch_one_cm":22156,"minecraft:fall_one_cm":72310},"minecraft:crafted":{"minecraft:oak_planks":96,"minecraft:coal":18,"wands:stone_wand":2,"minecraft:furnace":1,"minecraft:stone_pickaxe":1,"minecraft:chest":1,"minecraft:crafting_table":1,"minecraft:wooden_pickaxe":1,"minecraft:stone_axe":1,"minecraft:shield":1,"minecraft:stick":56,"quark:oak_chest":1,"minecraft:iron_pickaxe":1,"minecraft:stone_sword":1,"minecraft:white_bed":1,"minecraft:torch":124,"minecraft:shears":1},"minecraft:killed":{"minecraft:cave_spider":5,"minecraft:spider":1,"born_in_chaos_v1:maggot":4,"minecraft:skeleton":6,"born_in_chaos_v1:skeleton_thrasher":1,"born_in_chaos_v1:swarmer":1,"born_in_chaos_v1:decrepit_skeleton":2,"minecraft:sheep":1,"minecraft:zombie":3,"born_in_chaos_v1:corpse_fly":9,"minecraft:wither_skeleton":8},"minecraft:killed_by":{"minecraft:player":1,"minecraft:wither_skeleton":1,"minecraft:skeleton":1,"minecraft:zombie":2,"mca:female_villager":1},"minecraft:dropped":{"minecraft:mossy_cobblestone":3,"minecraft:cobblestone":5,"minecraft:honeycomb":1,"minecraft:creeper_banner_pattern":1,"minecraft:cracked_stone_bricks":1,"minecraft:copper_ingot":4,"minecraft:coal":1,"minecraft:stick":4,"minecraft:dirt":1,"minecraft:mutton":2,"gravestone:obituary":1,"minecraft:iron_shovel":1,"minecraft:chainmail_leggings":2,"minecraft:cyan_carpet":2,"minecraft:stone_brick_slab":2,"minecraft:bone":2,"minecraft:redstone":10,"minecraft:stone_axe":1,"dynamictrees:oak_seed":1,"minecraft:stone_sword":1,"minecraft:beetroot":3,"minecraft:rotten_flesh":4,"minecraft:oak_planks":1,"minecraft:honey_bottle":1,"minecraft:spruce_fence":2,"aether:chainmail_gloves":2,"minecraft:beetroot_seeds":6,"born_in_chaos_v1:corpse_maggot":3,"minecraft:chest":12,"minecraft:azalea":2,"minecraft:wooden_pickaxe":2},"minecraft:used":{"minecraft:iron_shovel":2,"minecraft:chest":1,"minecraft:spruce_planks":4,"minecraft:shield":10,"minecraft:torch":74,"minecraft:dirt":4,"minecraft:spruce_fence":5,"minecraft:iron_axe":252,"minecraft:smooth_quartz":2,"minecraft:golden_carrot":1,"minecraft:furnace":1,"minecraft:wheat_seeds":3,"minecraft:stone_pickaxe":39,"minecraft:oak_planks":39,"minecraft:wooden_pickaxe":12,"minecraft:sugar_cane":11,"minecraft:golden_apple":1,"minecraft:crafting_table":2,"minecraft:white_bed":1,"minecraft:bread":53,"minecraft:cyan_carpet":1,"minecraft:iron_pickaxe":84,"minecraft:stone_axe":14,"minecraft:cobblestone":12,"quark:oak_chest":1,"alexsmobs:animal_dictionary":2,"minecraft:chainmail_leggings":2},"minecraft:picked_up":{"minecraft:crafting_table":1,"minecraft:iron_chestplate":1,"minecraft:wheat":1,"iceandfire:witherbone":2,"minecraft:wooden_pickaxe":1,"minecraft:diamond_sword":1,"aether:iron_gloves":1,"minecraft:gold_block":2,"minecraft:string":31,"minecraft:iron_leggings":2,"minecraft:iron_shovel":1,"minecraft:cyan_carpet":3,"minecraft:creeper_banner_pattern":3,"minecraft:beetroot":1,"minecraft:cracked_stone_bricks":1,"minecraft:spruce_planks":6,"minecraft:redstone_torch":10,"minecraft:azalea":2,"dynamictrees:oak_seed":1,"minecraft:smooth_quartz":2,"minecraft:sugar_cane":11,"minecraft:coal_block":2,"minecraft:chest":12,"minecraft:iron_boots":1,"minecraft:stick":4,"minecraft:raw_iron":24,"minecraft:copper_ingot":4,"minecraft:torch":14,"minecraft:spruce_fence":9,"born_in_chaos_v1:pieceofdarkmetal":1,"minecraft:redstone":10,"minecraft:dark_oak_planks":2,"minecraft:stone_sword":1,"minecraft:arrow":11,"minecraft:honey_bottle":1,"minecraft:rotten_flesh":44,"minecraft:beetroot_seeds":1,"aether:chainmail_gloves":2,"minecraft:mutton":2,"minecraft:white_wool":6,"minecraft:cobblestone":35,"minecraft:birch_log":7,"born_in_chaos_v1:corpse_maggot":19,"minecraft:andesite":8,"minecraft:oak_log":39,"minecraft:gunpowder":14,"minecraft:dirt":6,"minecraft:bone":28,"minecraft:wheat_seeds":3,"minecraft:honeycomb":4,"minecraft:oak_planks":1,"minecraft:iron_sword":1,"minecraft:stone_brick_slab":2,"minecraft:spider_eye":3,"minecraft:chainmail_leggings":1,"evilcraft:dark_gem":9,"minecraft:coal":22,"iceandfire:raw_silver":11},"minecraft:mined":{"minecraft:dark_oak_planks":2,"minecraft:spruce_planks":6,"iceandfire:silver_ore":11,"minecraft:mossy_stone_brick_slab":1,"minecraft:spruce_fence":9,"minecraft:grass_block":8,"minecraft:coal_block":2,"minecraft:spawner":17,"dynamictrees:oak_leaves":3,"minecraft:iron_ore":25,"minecraft:andesite":8,"evilcraft:dark_ore":2,"minecraft:gold_block":2,"minecraft:iron_bars":1,"minecraft:stone":35,"minecraft:stone_brick_slab":3,"minecraft:crafting_table":1,"minecraft:torch":3,"minecraft:chest":12,"minecraft:tall_grass":1,"minecraft:cobblestone":1,"minecraft:sugar_cane":3,"minecraft:oak_planks":1,"minecraft:wall_torch":1,"minecraft:birch_log":7,"minecraft:wheat":2,"minecraft:oak_log":39,"minecraft:coal_ore":19,"minecraft:beetroots":1,"minecraft:dirt":1,"minecraft:cyan_carpet":5,"minecraft:smooth_quartz":2,"minecraft:cracked_stone_bricks":1}},"DataVersion":3465}