{"stats":{"minecraft:mined":{"minecraft:wheat":2,"minecraft:crafting_table":1,"minecraft:coal_ore":4,"minecraft:grass_block":1,"minecraft:oak_log":7,"minecraft:beetroots":1,"minecraft:stone":13},"minecraft:killed_by":{"minecraft:player":1,"minecraft:zombie":1,"mca:female_villager":1},"minecraft:crafted":{"minecraft:oak_planks":28,"minecraft:crafting_table":1,"minecraft:stick":8,"minecraft:wooden_pickaxe":1,"minecraft:stone_pickaxe":1,"minecraft:stone_sword":1,"minecraft:torch":4,"minecraft:stone_axe":1},"minecraft:used":{"minecraft:wheat_seeds":3,"minecraft:stone_pickaxe":5,"minecraft:wooden_pickaxe":12,"minecraft:stone_axe":1,"minecraft:crafting_table":1,"alexsmobs:animal_dictionary":2},"minecraft:custom":{"minecraft:time_since_rest":5643,"minecraft:sprint_one_cm":16044,"minecraft:damage_taken":1323,"minecraft:walk_one_cm":33130,"minecraft:damage_dealt":5,"minecraft:interact_with_crafting_table":4,"minecraft:fly_one_cm":22898,"minecraft:crouch_one_cm":109,"minecraft:play_time":24730,"minecraft:deaths":4,"minecraft:sneak_time":59,"minecraft:walk_under_water_one_cm":662,"minecraft:jump":127,"minecraft:time_since_death":5268,"minecraft:leave_game":8,"minecraft:walk_on_water_one_cm":101,"minecraft:total_world_time":24730,"minecraft:fall_one_cm":14011},"minecraft:picked_up":{"minecraft:crafting_table":1,"minecraft:wheat":1,"minecraft:oak_log":7,"minecraft:dirt":1,"minecraft:beetroot":1,"minecraft:beetroot_seeds":1,"minecraft:wheat_seeds":3,"minecraft:coal":4,"minecraft:cobblestone":13}},"DataVersion":3465}