{"stats":{"minecraft:mined":{"minecraft:wheat":2,"minecraft:beetroots":1},"minecraft:killed_by":{"mca:female_villager":1},"minecraft:used":{"minecraft:wheat_seeds":3,"alexsmobs:animal_dictionary":2},"minecraft:custom":{"minecraft:jump":80,"minecraft:time_since_rest":1104,"minecraft:damage_dealt":5,"minecraft:damage_taken":300,"minecraft:leave_game":3,"minecraft:crouch_one_cm":68,"minecraft:play_time":12391,"minecraft:sprint_one_cm":9346,"minecraft:time_since_death":1075,"minecraft:walk_one_cm":16502,"minecraft:deaths":1,"minecraft:sneak_time":34,"minecraft:total_world_time":12391,"minecraft:fall_one_cm":2682,"minecraft:fly_one_cm":15514},"minecraft:picked_up":{"minecraft:wheat":1,"minecraft:beetroot":1,"minecraft:beetroot_seeds":1,"minecraft:wheat_seeds":3}},"DataVersion":3465}