{"stats":{"minecraft:custom":{"minecraft:mob_kills":40,"minecraft:interact_with_crafting_table":11,"minecraft:damage_dealt_resisted":1027,"minecraft:leave_game":11,"minecraft:time_since_death":38376,"minecraft:climb_one_cm":6006,"minecraft:sprint_one_cm":322782,"minecraft:walk_one_cm":336179,"minecraft:damage_blocked_by_shield":755,"minecraft:drop":41,"minecraft:play_time":85298,"minecraft:deaths":7,"minecraft:sneak_time":3496,"minecraft:walk_under_water_one_cm":995,"minecraft:jump":1669,"minecraft:walk_on_water_one_cm":5676,"minecraft:total_world_time":85298,"minecraft:interact_with_furnace":2,"minecraft:sleep_in_bed":1,"minecraft:time_since_rest":12711,"minecraft:damage_taken":4502,"minecraft:damage_absorbed":40,"minecraft:damage_dealt":7433,"minecraft:swim_one_cm":20125,"minecraft:fly_one_cm":256963,"minecraft:open_chest":69,"minecraft:crouch_one_cm":20493,"minecraft:fall_one_cm":60161},"minecraft:crafted":{"minecraft:oak_planks":96,"minecraft:coal":18,"wands:stone_wand":2,"minecraft:furnace":1,"minecraft:stone_pickaxe":1,"minecraft:chest":1,"minecraft:crafting_table":1,"minecraft:wooden_pickaxe":1,"minecraft:stone_axe":1,"minecraft:shield":1,"minecraft:stick":44,"quark:oak_chest":1,"minecraft:iron_pickaxe":1,"minecraft:stone_sword":1,"minecraft:white_bed":1,"minecraft:torch":124,"minecraft:shears":1},"minecraft:killed":{"minecraft:cave_spider":5,"minecraft:spider":1,"born_in_chaos_v1:maggot":4,"minecraft:skeleton":6,"born_in_chaos_v1:skeleton_thrasher":1,"born_in_chaos_v1:swarmer":1,"born_in_chaos_v1:decrepit_skeleton":1,"minecraft:sheep":1,"minecraft:zombie":2,"born_in_chaos_v1:corpse_fly":9,"minecraft:wither_skeleton":8},"minecraft:killed_by":{"minecraft:player":1,"minecraft:wither_skeleton":1,"minecraft:skeleton":1,"minecraft:zombie":2,"mca:female_villager":1},"minecraft:dropped":{"minecraft:mossy_cobblestone":3,"minecraft:cobblestone":5,"minecraft:cracked_stone_bricks":1,"minecraft:coal":1,"minecraft:dirt":1,"minecraft:mutton":2,"gravestone:obituary":1,"minecraft:iron_shovel":1,"minecraft:chainmail_leggings":2,"minecraft:cyan_carpet":2,"minecraft:stone_brick_slab":2,"minecraft:redstone":5,"dynamictrees:oak_seed":1,"minecraft:stone_sword":1,"minecraft:beetroot":3,"minecraft:rotten_flesh":4,"minecraft:spruce_fence":2,"aether:chainmail_gloves":2,"minecraft:beetroot_seeds":6,"born_in_chaos_v1:corpse_maggot":3,"minecraft:azalea":2,"minecraft:wooden_pickaxe":2},"minecraft:used":{"minecraft:iron_shovel":2,"minecraft:chest":1,"minecraft:spruce_planks":4,"minecraft:shield":9,"minecraft:torch":73,"minecraft:dirt":4,"minecraft:spruce_fence":5,"minecraft:iron_axe":236,"minecraft:smooth_quartz":2,"minecraft:golden_carrot":1,"minecraft:furnace":1,"minecraft:wheat_seeds":3,"minecraft:stone_pickaxe":39,"minecraft:oak_planks":33,"minecraft:wooden_pickaxe":12,"minecraft:golden_apple":1,"minecraft:crafting_table":2,"minecraft:white_bed":1,"minecraft:bread":50,"minecraft:cyan_carpet":1,"minecraft:iron_pickaxe":67,"minecraft:stone_axe":14,"minecraft:cobblestone":10,"quark:oak_chest":1,"alexsmobs:animal_dictionary":2,"minecraft:chainmail_leggings":2},"minecraft:picked_up":{"minecraft:crafting_table":1,"minecraft:iron_chestplate":1,"minecraft:wheat":1,"iceandfire:witherbone":2,"minecraft:wooden_pickaxe":1,"minecraft:diamond_sword":1,"aether:iron_gloves":1,"minecraft:gold_block":2,"minecraft:string":21,"minecraft:iron_leggings":1,"minecraft:iron_shovel":1,"minecraft:cyan_carpet":3,"minecraft:beetroot":1,"minecraft:cracked_stone_bricks":1,"minecraft:spruce_planks":6,"minecraft:redstone_torch":8,"minecraft:azalea":2,"dynamictrees:oak_seed":1,"minecraft:smooth_quartz":2,"minecraft:coal_block":2,"minecraft:chest":7,"minecraft:iron_boots":1,"minecraft:raw_iron":12,"minecraft:copper_ingot":4,"minecraft:torch":14,"minecraft:spruce_fence":9,"born_in_chaos_v1:pieceofdarkmetal":1,"minecraft:redstone":5,"minecraft:dark_oak_planks":2,"minecraft:stone_sword":1,"minecraft:arrow":9,"minecraft:rotten_flesh":37,"minecraft:beetroot_seeds":1,"aether:chainmail_gloves":2,"minecraft:mutton":2,"minecraft:white_wool":6,"minecraft:cobblestone":33,"minecraft:birch_log":7,"born_in_chaos_v1:corpse_maggot":19,"minecraft:andesite":8,"minecraft:oak_log":39,"minecraft:gunpowder":12,"minecraft:dirt":6,"minecraft:bone":21,"minecraft:wheat_seeds":3,"minecraft:oak_planks":1,"minecraft:iron_sword":1,"minecraft:stone_brick_slab":2,"minecraft:spider_eye":3,"minecraft:chainmail_leggings":1,"evilcraft:dark_gem":9,"minecraft:coal":22,"iceandfire:raw_silver":11},"minecraft:mined":{"minecraft:dark_oak_planks":2,"minecraft:spruce_planks":6,"iceandfire:silver_ore":11,"minecraft:mossy_stone_brick_slab":1,"minecraft:spruce_fence":9,"minecraft:grass_block":8,"minecraft:coal_block":2,"minecraft:spawner":17,"dynamictrees:oak_leaves":3,"minecraft:iron_ore":13,"minecraft:andesite":8,"evilcraft:dark_ore":2,"minecraft:gold_block":2,"minecraft:iron_bars":1,"minecraft:stone":31,"minecraft:stone_brick_slab":3,"minecraft:crafting_table":1,"minecraft:torch":3,"minecraft:chest":7,"minecraft:cobblestone":1,"minecraft:oak_planks":1,"minecraft:wall_torch":1,"minecraft:birch_log":7,"minecraft:wheat":2,"minecraft:oak_log":39,"minecraft:coal_ore":19,"minecraft:beetroots":1,"minecraft:dirt":1,"minecraft:cyan_carpet":5,"minecraft:smooth_quartz":2,"minecraft:cracked_stone_bricks":1}},"DataVersion":3465}