{"stats":{"minecraft:mined":{"minecraft:wheat":2,"minecraft:crafting_table":1,"minecraft:torch":2,"minecraft:oak_log":7,"minecraft:grass_block":2,"minecraft:spruce_fence":1,"minecraft:coal_ore":19,"minecraft:beetroots":1,"minecraft:smooth_quartz":1,"minecraft:cyan_carpet":1,"minecraft:stone":18,"minecraft:spawner":10},"minecraft:dropped":{"aether:chainmail_gloves":2,"minecraft:beetroot_seeds":4,"minecraft:wooden_pickaxe":2},"minecraft:killed_by":{"minecraft:player":1,"minecraft:zombie":2,"mca:female_villager":1},"minecraft:crafted":{"minecraft:oak_planks":28,"wands:stone_wand":2,"minecraft:crafting_table":1,"minecraft:stick":12,"minecraft:wooden_pickaxe":1,"minecraft:stone_pickaxe":1,"minecraft:stone_sword":1,"minecraft:torch":4,"minecraft:stone_axe":1},"minecraft:used":{"minecraft:wheat_seeds":3,"minecraft:iron_shovel":2,"minecraft:iron_axe":4,"minecraft:bread":10,"minecraft:stone_pickaxe":38,"minecraft:cyan_carpet":1,"minecraft:wooden_pickaxe":12,"minecraft:torch":11,"minecraft:stone_axe":3,"minecraft:dirt":1,"minecraft:crafting_table":2,"alexsmobs:animal_dictionary":2},"minecraft:killed":{"minecraft:cave_spider":2},"minecraft:custom":{"minecraft:time_since_rest":11697,"minecraft:sprint_one_cm":68863,"minecraft:damage_taken":2135,"minecraft:walk_one_cm":85740,"minecraft:mob_kills":2,"minecraft:drop":5,"minecraft:damage_dealt":345,"minecraft:swim_one_cm":1974,"minecraft:interact_with_crafting_table":5,"minecraft:fly_one_cm":52367,"minecraft:open_chest":14,"minecraft:play_time":41891,"minecraft:crouch_one_cm":3518,"minecraft:deaths":5,"minecraft:sneak_time":854,"minecraft:walk_under_water_one_cm":662,"minecraft:damage_dealt_resisted":87,"minecraft:jump":435,"minecraft:leave_game":9,"minecraft:time_since_death":11635,"minecraft:walk_on_water_one_cm":915,"minecraft:total_world_time":41891,"minecraft:climb_one_cm":2631,"minecraft:fall_one_cm":18814},"minecraft:picked_up":{"minecraft:crafting_table":1,"minecraft:wheat":1,"minecraft:torch":7,"minecraft:wooden_pickaxe":1,"minecraft:spruce_fence":1,"minecraft:oak_log":7,"minecraft:dirt":2,"minecraft:spider_eye":1,"minecraft:string":5,"minecraft:cyan_carpet":1,"minecraft:beetroot":1,"minecraft:beetroot_seeds":1,"minecraft:wheat_seeds":3,"aether:chainmail_gloves":2,"minecraft:smooth_quartz":1,"minecraft:coal":19,"minecraft:cobblestone":18}},"DataVersion":3465}