{"stats":{"minecraft:custom":{"minecraft:mob_kills":12,"minecraft:interact_with_crafting_table":6,"minecraft:damage_dealt_resisted":863,"minecraft:leave_game":11,"minecraft:time_since_death":14376,"minecraft:climb_one_cm":4402,"minecraft:time_since_rest":14416,"minecraft:sprint_one_cm":171863,"minecraft:damage_taken":3037,"minecraft:walk_one_cm":172056,"minecraft:drop":9,"minecraft:damage_dealt":3320,"minecraft:swim_one_cm":4176,"minecraft:fly_one_cm":123129,"minecraft:open_chest":30,"minecraft:crouch_one_cm":14388,"minecraft:play_time":61298,"minecraft:deaths":7,"minecraft:sneak_time":2441,"minecraft:walk_under_water_one_cm":662,"minecraft:jump":945,"minecraft:walk_on_water_one_cm":3646,"minecraft:total_world_time":61298,"minecraft:fall_one_cm":37988},"minecraft:crafted":{"minecraft:oak_planks":28,"wands:stone_wand":2,"minecraft:crafting_table":1,"minecraft:wooden_pickaxe":1,"minecraft:stone_axe":1,"minecraft:stick":28,"minecraft:iron_pickaxe":1,"minecraft:stone_pickaxe":1,"minecraft:stone_sword":1,"minecraft:torch":52,"minecraft:shears":1},"minecraft:killed":{"minecraft:cave_spider":2,"minecraft:sheep":1,"minecraft:skeleton":1,"minecraft:wither_skeleton":8},"minecraft:killed_by":{"minecraft:player":1,"minecraft:wither_skeleton":1,"minecraft:skeleton":1,"minecraft:zombie":2,"mca:female_villager":1},"minecraft:dropped":{"minecraft:stone_sword":1,"minecraft:mossy_cobblestone":3,"aether:chainmail_gloves":2,"minecraft:beetroot_seeds":6,"minecraft:wooden_pickaxe":2,"minecraft:cyan_carpet":1},"minecraft:used":{"minecraft:wheat_seeds":3,"minecraft:iron_shovel":2,"minecraft:stone_pickaxe":39,"minecraft:oak_planks":3,"minecraft:wooden_pickaxe":12,"minecraft:torch":39,"minecraft:dirt":4,"minecraft:crafting_table":2,"minecraft:spruce_fence":5,"minecraft:iron_axe":76,"minecraft:bread":22,"minecraft:iron_pickaxe":8,"minecraft:cyan_carpet":1,"minecraft:smooth_quartz":2,"minecraft:stone_axe":9,"minecraft:cobblestone":9,"alexsmobs:animal_dictionary":2,"minecraft:chainmail_leggings":2},"minecraft:picked_up":{"minecraft:crafting_table":1,"minecraft:wheat":1,"iceandfire:witherbone":2,"minecraft:diamond_sword":1,"minecraft:wooden_pickaxe":1,"minecraft:oak_log":7,"minecraft:string":5,"minecraft:dirt":5,"minecraft:bone":10,"minecraft:cyan_carpet":3,"minecraft:beetroot":1,"minecraft:wheat_seeds":3,"minecraft:spruce_planks":2,"dynamictrees:oak_seed":1,"minecraft:smooth_quartz":2,"minecraft:raw_iron":3,"minecraft:torch":12,"minecraft:spruce_fence":7,"minecraft:spider_eye":1,"minecraft:stone_sword":1,"minecraft:arrow":1,"minecraft:beetroot_seeds":1,"aether:chainmail_gloves":2,"minecraft:mutton":2,"minecraft:coal":21,"minecraft:white_wool":4,"minecraft:cobblestone":20},"minecraft:mined":{"minecraft:spruce_planks":2,"minecraft:crafting_table":1,"minecraft:torch":2,"minecraft:grass_block":5,"minecraft:spruce_fence":7,"minecraft:cobblestone":1,"minecraft:spawner":13,"dynamictrees:oak_leaves":3,"minecraft:iron_ore":3,"minecraft:wheat":2,"minecraft:coal_ore":19,"minecraft:oak_log":7,"minecraft:beetroots":1,"minecraft:smooth_quartz":2,"minecraft:cyan_carpet":5,"minecraft:dirt":1,"minecraft:stone":19}},"DataVersion":3465}