{"stats":{"minecraft:mined":{"minecraft:wheat":2,"minecraft:torch":2,"minecraft:crafting_table":1,"minecraft:oak_log":7,"minecraft:grass_block":2,"minecraft:coal_ore":19,"minecraft:beetroots":1,"minecraft:stone":18,"minecraft:spawner":3},"minecraft:dropped":{"aether:chainmail_gloves":2,"minecraft:wooden_pickaxe":1},"minecraft:killed_by":{"minecraft:player":1,"minecraft:zombie":2,"mca:female_villager":1},"minecraft:crafted":{"minecraft:oak_planks":28,"minecraft:crafting_table":1,"minecraft:stick":8,"minecraft:wooden_pickaxe":1,"minecraft:stone_pickaxe":1,"minecraft:stone_sword":1,"minecraft:torch":4,"minecraft:stone_axe":1},"minecraft:used":{"minecraft:wheat_seeds":3,"minecraft:iron_shovel":1,"minecraft:bread":2,"minecraft:stone_pickaxe":29,"minecraft:wooden_pickaxe":12,"minecraft:torch":8,"minecraft:stone_axe":1,"minecraft:dirt":1,"minecraft:crafting_table":1,"alexsmobs:animal_dictionary":2},"minecraft:killed":{"minecraft:cave_spider":1},"minecraft:custom":{"minecraft:time_since_rest":3424,"minecraft:sprint_one_cm":43967,"minecraft:damage_taken":1677,"minecraft:walk_one_cm":50160,"minecraft:mob_kills":1,"minecraft:drop":3,"minecraft:damage_dealt":35,"minecraft:swim_one_cm":1974,"minecraft:interact_with_crafting_table":4,"minecraft:fly_one_cm":47489,"minecraft:open_chest":6,"minecraft:crouch_one_cm":2698,"minecraft:play_time":33618,"minecraft:deaths":5,"minecraft:sneak_time":674,"minecraft:walk_under_water_one_cm":662,"minecraft:jump":350,"minecraft:leave_game":8,"minecraft:walk_on_water_one_cm":915,"minecraft:time_since_death":3362,"minecraft:climb_one_cm":1419,"minecraft:total_world_time":33618,"minecraft:fall_one_cm":18396},"minecraft:picked_up":{"minecraft:crafting_table":1,"minecraft:wheat":1,"minecraft:torch":7,"minecraft:oak_log":7,"minecraft:string":2,"minecraft:dirt":2,"minecraft:beetroot":1,"minecraft:beetroot_seeds":1,"minecraft:wheat_seeds":3,"aether:chainmail_gloves":2,"minecraft:coal":19,"minecraft:cobblestone":18}},"DataVersion":3465}