{"stats":{"minecraft:custom":{"minecraft:mob_kills":14,"minecraft:interact_with_crafting_table":8,"minecraft:open_barrel":2,"minecraft:leave_game":2,"minecraft:time_since_death":5062,"minecraft:damage_resisted":98,"minecraft:climb_one_cm":1268,"minecraft:time_since_rest":5075,"minecraft:sprint_one_cm":142534,"minecraft:walk_one_cm":82181,"minecraft:damage_taken":1878,"minecraft:damage_absorbed":241,"minecraft:drop":18,"minecraft:damage_dealt":2920,"minecraft:swim_one_cm":26193,"minecraft:fly_one_cm":287608,"minecraft:open_chest":35,"minecraft:crouch_one_cm":4835,"minecraft:play_time":23092,"minecraft:deaths":3,"minecraft:sneak_time":911,"minecraft:walk_under_water_one_cm":5025,"minecraft:jump":1041,"minecraft:walk_on_water_one_cm":20502,"minecraft:total_world_time":23092,"minecraft:fall_one_cm":44839},"minecraft:crafted":{"minecraft:oak_planks":48,"minecraft:crafting_table":3,"minecraft:birch_planks":4,"minecraft:diamond_helmet":1,"minecraft:diamond_pickaxe":1,"minecraft:stick":8,"minecraft:iron_pickaxe":1,"minecraft:wooden_axe":1,"minecraft:diamond_chestplate":1},"minecraft:killed":{"born_in_chaos_v1:restless_spirit":1,"minecraft:salmon":1,"born_in_chaos_v1:maggot":1,"minecraft:skeleton":7,"minecraft:zombie":3},"minecraft:killed_by":{"mutantmonsters:mutant_skeleton":2,"born_in_chaos_v1:corpse_fly":1},"minecraft:used":{"minecraft:oak_planks":30,"minecraft:iron_sword":89,"minecraft:rotten_flesh":1,"minecraft:salmon":1,"minecraft:torch":1,"minecraft:golden_apple":2,"minecraft:dirt":2,"minecraft:crafting_table":3,"minecraft:mushroom_stew":1,"minecraft:wooden_axe":14,"minecraft:diamond_pickaxe":9,"minecraft:bread":12,"minecraft:iron_pickaxe":71,"minecraft:mud_bricks":2,"minecraft:potato":22,"minecraft:cobbled_deepslate":21,"minecraft:enchanted_golden_apple":1,"minecraft:iron_leggings":8},"minecraft:dropped":{"minecraft:enchanted_book":2,"minecraft:iron_sword":2,"minecraft:cobbled_deepslate":5,"minecraft:bowl":1,"minecraft:obsidian":6,"born_in_chaos_v1:ethereal_spirit":1,"minecraft:oak_planks":36,"minecraft:spruce_fence":1,"minecraft:emerald":1,"minecraft:cornflower":1,"minecraft:iron_leggings":1,"minecraft:arrow":1,"minecraft:iron_shovel":1,"minecraft:bone":3,"minecraft:gold_ingot":11},"minecraft:picked_up":{"iceandfire:dragon_skull_lightning":2,"minecraft:birch_log":1,"minecraft:crafting_table":1,"minecraft:iron_chestplate":1,"minecraft:mud_bricks":2,"minecraft:salmon":5,"minecraft:stone_slab":1,"minecraft:brown_mushroom":1,"aether:iron_gloves":1,"minecraft:potato":9,"minecraft:potion":1,"minecraft:enchanted_book":6,"minecraft:oak_log":7,"mca:book_romance":1,"minecraft:dirt":2,"minecraft:name_tag":1,"minecraft:iron_leggings":3,"minecraft:bone":3,"minecraft:experience_bottle":6,"minecraft:apple":11,"minecraft:cobbled_deepslate":26,"minecraft:iron_ingot":7,"minecraft:enchanted_golden_apple":1,"minecraft:oak_planks":41,"minecraft:iron_boots":2,"minecraft:stick":4,"iceandfire:dragonbone":10,"minecraft:torch":32,"born_in_chaos_v1:ethereal_spirit":1,"minecraft:spruce_fence":1,"minecraft:carrot":9,"alexsmobs:animal_dictionary":1,"minecraft:diamond_shovel":1,"minecraft:arrow":4,"minecraft:rotten_flesh":1,"minecraft:slime_ball":11,"minecraft:diamond":28,"evilcraft:dark_gem":17,"minecraft:cyan_terracotta":1,"minecraft:saddle":1,"minecraft:gold_ingot":23,"minecraft:tadpole_bucket":1,"minecraft:obsidian":10,"minecraft:coal":3},"minecraft:mined":{"minecraft:tuff":1,"minecraft:cyan_terracotta":1,"minecraft:deepslate_diamond_ore":22,"minecraft:soul_fire":9,"minecraft:crafting_table":1,"minecraft:poppy":1,"minecraft:grass_block":2,"minecraft:spruce_fence":1,"minecraft:cobblestone":1,"minecraft:spawner":7,"minecraft:birch_log":1,"evilcraft:dark_ore_deepslate":4,"minecraft:andesite":1,"minecraft:grass":2,"minecraft:oak_log":7,"minecraft:coal_ore":3,"minecraft:azalea_leaves":1,"minecraft:stone":2,"minecraft:deepslate":27}},"DataVersion":3465}