{"stats":{"minecraft:crafted":{"minecraft:oak_planks":28,"minecraft:birch_planks":4,"minecraft:crafting_table":1,"minecraft:stick":4,"minecraft:wooden_axe":1},"minecraft:custom":{"minecraft:time_since_rest":1417,"minecraft:crouch_one_cm":465,"minecraft:play_time":8142,"minecraft:sprint_one_cm":42814,"minecraft:damage_taken":415,"minecraft:walk_one_cm":19181,"minecraft:sneak_time":113,"minecraft:walk_under_water_one_cm":2529,"minecraft:mob_kills":2,"minecraft:jump":271,"minecraft:damage_dealt":233,"minecraft:leave_game":1,"minecraft:time_since_death":1392,"minecraft:walk_on_water_one_cm":1977,"minecraft:total_world_time":8142,"minecraft:deaths":1,"minecraft:open_chest":2,"minecraft:swim_one_cm":9918,"minecraft:interact_with_crafting_table":3,"minecraft:fall_one_cm":17739,"minecraft:fly_one_cm":81477},"minecraft:killed":{"minecraft:zombie":1,"minecraft:salmon":1},"minecraft:killed_by":{"born_in_chaos_v1:corpse_fly":1},"minecraft:used":{"minecraft:rotten_flesh":1,"minecraft:salmon":1,"minecraft:wooden_axe":14,"minecraft:dirt":2,"minecraft:crafting_table":1},"minecraft:picked_up":{"minecraft:birch_log":1,"minecraft:rotten_flesh":1,"minecraft:salmon":1,"minecraft:oak_log":7,"minecraft:dirt":2},"minecraft:mined":{"minecraft:poppy":1,"minecraft:grass":2,"minecraft:grass_block":2,"minecraft:oak_log":7,"minecraft:birch_log":1,"minecraft:azalea_leaves":1}},"DataVersion":3465}