{"stats":{"minecraft:crafted":{"minecraft:oak_planks":48,"minecraft:crafting_table":2,"minecraft:stick":8,"minecraft:iron_pickaxe":1,"minecraft:wooden_axe":1,"minecraft:birch_planks":4},"minecraft:custom":{"minecraft:time_since_rest":7417,"minecraft:sprint_one_cm":94774,"minecraft:damage_taken":602,"minecraft:walk_one_cm":38348,"minecraft:mob_kills":5,"minecraft:drop":4,"minecraft:damage_dealt":692,"minecraft:swim_one_cm":21569,"minecraft:interact_with_crafting_table":4,"minecraft:fly_one_cm":135182,"minecraft:open_barrel":2,"minecraft:open_chest":30,"minecraft:crouch_one_cm":802,"minecraft:play_time":14142,"minecraft:deaths":1,"minecraft:sneak_time":207,"minecraft:walk_under_water_one_cm":4559,"minecraft:jump":513,"minecraft:leave_game":1,"minecraft:walk_on_water_one_cm":14136,"minecraft:time_since_death":7392,"minecraft:total_world_time":14142,"minecraft:climb_one_cm":1268,"minecraft:fall_one_cm":23309},"minecraft:killed":{"minecraft:skeleton":1,"minecraft:zombie":2,"minecraft:salmon":1,"born_in_chaos_v1:maggot":1},"minecraft:killed_by":{"born_in_chaos_v1:corpse_fly":1},"minecraft:dropped":{"minecraft:cornflower":1,"minecraft:bowl":1,"minecraft:oak_planks":35,"minecraft:spruce_fence":1},"minecraft:used":{"minecraft:wooden_axe":14,"minecraft:bread":3,"minecraft:oak_planks":5,"minecraft:iron_pickaxe":7,"minecraft:iron_sword":15,"minecraft:mud_bricks":2,"minecraft:rotten_flesh":1,"minecraft:salmon":1,"minecraft:dirt":2,"minecraft:crafting_table":2,"minecraft:mushroom_stew":1,"minecraft:potato":22},"minecraft:picked_up":{"minecraft:birch_log":1,"iceandfire:dragon_skull_lightning":1,"minecraft:mud_bricks":2,"iceandfire:dragonbone":5,"minecraft:salmon":1,"minecraft:brown_mushroom":1,"minecraft:stone_slab":1,"minecraft:spruce_fence":1,"minecraft:oak_log":7,"minecraft:dirt":2,"minecraft:rotten_flesh":1,"minecraft:cyan_terracotta":1,"minecraft:oak_planks":35,"minecraft:coal":1},"minecraft:mined":{"minecraft:cyan_terracotta":1,"minecraft:birch_log":1,"minecraft:grass":2,"minecraft:spruce_fence":1,"minecraft:grass_block":2,"minecraft:oak_log":7,"minecraft:poppy":1,"minecraft:cobblestone":1,"minecraft:azalea_leaves":1,"minecraft:stone":1,"minecraft:spawner":4}},"DataVersion":3465}