{"stats":{"minecraft:dropped":{"minecraft:wheat_seeds":2,"dynamictrees:oak_seed":4},"minecraft:used":{"minecraft:moss_carpet":2,"alexsmobs:maggot":2,"minecraft:dirt":9},"minecraft:custom":{"minecraft:time_since_rest":12874,"minecraft:interact_with_furnace":2,"minecraft:crouch_one_cm":238,"minecraft:play_time":12874,"minecraft:sprint_one_cm":20733,"minecraft:damage_taken":60,"minecraft:walk_one_cm":41977,"minecraft:sneak_time":139,"minecraft:walk_under_water_one_cm":716,"minecraft:drop":6,"minecraft:jump":407,"minecraft:damage_dealt":15,"minecraft:leave_game":1,"minecraft:time_since_death":12874,"minecraft:walk_on_water_one_cm":847,"minecraft:total_world_time":12874,"minecraft:swim_one_cm":1419,"minecraft:interact_with_crafting_table":2,"minecraft:fall_one_cm":12381,"minecraft:fly_one_cm":55567},"minecraft:picked_up":{"minecraft:stick":4,"minecraft:wheat_seeds":2,"dynamictrees:oak_seed":4,"alexsmobs:maggot":2,"minecraft:dirt":9,"minecraft:moss_carpet":2},"minecraft:mined":{"minecraft:grass":2,"minecraft:grass_block":1,"minecraft:acacia_leaves":1,"minecraft:dirt":8,"minecraft:tall_grass":1,"minecraft:moss_carpet":2}},"DataVersion":3465}