{"stats":{"minecraft:killed_by":{"enderzoology:fallen_knight":1},"minecraft:dropped":{"minecraft:wheat_seeds":2,"dynamictrees:oak_seed":4,"born_in_chaos_v1:pieceofdarkmetal":1,"minecraft:bone":3},"minecraft:used":{"minecraft:moss_carpet":2,"alexsmobs:maggot":2,"minecraft:dirt":9},"minecraft:custom":{"minecraft:deaths":1,"minecraft:time_since_rest":15781,"minecraft:play_time":31435,"minecraft:crouch_one_cm":238,"minecraft:interact_with_furnace":2,"minecraft:sprint_one_cm":45533,"minecraft:damage_taken":295,"minecraft:walk_one_cm":70565,"minecraft:sneak_time":139,"minecraft:walk_under_water_one_cm":2962,"minecraft:drop":10,"minecraft:jump":688,"minecraft:damage_dealt":15,"minecraft:leave_game":2,"minecraft:time_since_death":15749,"minecraft:walk_on_water_one_cm":1912,"minecraft:total_world_time":31435,"minecraft:swim_one_cm":4343,"minecraft:interact_with_crafting_table":2,"minecraft:fall_one_cm":18437,"minecraft:fly_one_cm":96297},"minecraft:picked_up":{"minecraft:bone":3,"minecraft:stick":4,"minecraft:wheat_seeds":2,"dynamictrees:oak_seed":4,"born_in_chaos_v1:pieceofdarkmetal":1,"alexsmobs:maggot":2,"minecraft:dirt":9,"minecraft:moss_carpet":2},"minecraft:mined":{"minecraft:grass":10,"minecraft:grass_block":1,"minecraft:acacia_leaves":1,"minecraft:dirt":8,"minecraft:tall_grass":2,"minecraft:moss_carpet":2,"minecraft:allium":1}},"DataVersion":3465}