{"stats":{"minecraft:mined":{"minecraft:grass":8,"minecraft:beetroots":1,"minecraft:tall_grass":1,"minecraft:cornflower":1},"minecraft:used":{"minecraft:beetroot_seeds":1},"minecraft:custom":{"minecraft:time_since_rest":4354,"minecraft:open_chest":2,"minecraft:sprint_one_cm":27974,"minecraft:play_time":24612,"minecraft:walk_one_cm":18192,"minecraft:damage_taken":389,"minecraft:deaths":1,"minecraft:mob_kills":2,"minecraft:jump":197,"minecraft:damage_dealt":156,"minecraft:leave_game":5,"minecraft:time_since_death":4329,"minecraft:total_world_time":24612,"minecraft:fall_one_cm":7682,"minecraft:fly_one_cm":44394},"minecraft:killed_by":{"born_in_chaos_v1:zombie_lumberjack":1},"minecraft:killed":{"alexsmobs:hummingbird":2},"minecraft:picked_up":{"minecraft:beetroot_seeds":1,"minecraft:wheat_seeds":1,"minecraft:cornflower":1,"minecraft:dirt":22}},"DataVersion":3465}