{"stats":{"minecraft:picked_up":{"minecraft:wheat_seeds":1,"minecraft:cornflower":1},"minecraft:killed":{"alexsmobs:hummingbird":2},"minecraft:custom":{"minecraft:jump":60,"minecraft:open_chest":1,"minecraft:time_since_rest":7886,"minecraft:damage_dealt":80,"minecraft:leave_game":4,"minecraft:play_time":7886,"minecraft:sprint_one_cm":6701,"minecraft:damage_taken":24,"minecraft:time_since_death":7886,"minecraft:walk_one_cm":4145,"minecraft:total_world_time":7886,"minecraft:mob_kills":2,"minecraft:fly_one_cm":15646,"minecraft:fall_one_cm":2415},"minecraft:mined":{"minecraft:tall_grass":1,"minecraft:grass":8,"minecraft:cornflower":1}},"DataVersion":3465}