{"stats":{"minecraft:custom":{"minecraft:interact_with_crafting_table":40,"minecraft:open_barrel":15,"minecraft:leave_game":9,"minecraft:time_since_death":986,"minecraft:sprint_one_cm":616693,"minecraft:damage_blocked_by_shield":1530,"minecraft:drop":172,"minecraft:talked_to_villager":1,"minecraft:play_time":176747,"minecraft:deaths":15,"minecraft:jump":4382,"minecraft:walk_on_water_one_cm":21110,"minecraft:interact_with_furnace":38,"minecraft:open_enderchest":3,"minecraft:damage_dealt":22292,"minecraft:player_kills":1,"minecraft:crouch_one_cm":8692,"minecraft:mob_kills":173,"minecraft:damage_dealt_resisted":1302,"minecraft:climb_one_cm":4209,"minecraft:walk_one_cm":605557,"minecraft:sneak_time":3885,"minecraft:walk_under_water_one_cm":16323,"minecraft:total_world_time":176747,"minecraft:interact_with_stonecutter":1,"minecraft:time_since_rest":1007,"minecraft:damage_taken":9778,"minecraft:trigger_trapped_chest":4,"minecraft:swim_one_cm":44445,"minecraft:fly_one_cm":884804,"minecraft:open_chest":67,"minecraft:fall_one_cm":168036},"minecraft:crafted":{"minecraft:oak_planks":116,"aether:iron_ring":1,"quark:sturdy_stone":2,"iceandfire:silver_shovel":1,"minecraft:diamond_helmet":2,"minecraft:diamond_leggings":1,"minecraft:iron_boots":1,"minecraft:cooked_porkchop":11,"minecraft:crafting_table":7,"minecraft:wooden_pickaxe":1,"minecraft:baked_potato":26,"minecraft:diamond_pickaxe":1,"minecraft:shield":2,"minecraft:iron_pickaxe":1,"minecraft:stick":20,"minecraft:iron_ingot":17,"minecraft:furnace":3,"born_in_chaos_v1:fried_maggot":6,"minecraft:stone_pickaxe":1,"minecraft:dark_oak_planks":8,"minecraft:wheat":162,"minecraft:iron_sword":1,"minecraft:stone_axe":1,"minecraft:bread":54,"minecraft:air":0,"minecraft:diamond_chestplate":1},"minecraft:killed":{"alexsmobs:hummingbird":2,"minecraft:cave_spider":2,"born_in_chaos_v1:zombie_lumberjack":1,"born_in_chaos_v1:restless_spirit":2,"minecraft:spider":3,"minecraft:zombie_horse":2,"born_in_chaos_v1:baby_skeleton_minion":2,"quark:forgotten":1,"minecraft:skeleton":20,"enderzoology:infested_zombie":1,"born_in_chaos_v1:skeleton_thrasher":1,"minecraft:skeleton_horse":1,"minecraft:pig":3,"minecraft:creeper":2,"minecraft:sheep":1,"minecraft:pillager":3,"minecraft:zombie":70,"born_in_chaos_v1:dread_hound":2,"born_in_chaos_v1:corpse_fly":7,"mca:male_villager":1,"born_in_chaos_v1:door_knight":1,"minecraft:vindicator":1,"born_in_chaos_v1:zombie_bruiser":3,"born_in_chaos_v1:maggot":19,"mowziesmobs:ferrous_wroughtnaut":1,"born_in_chaos_v1:spiritof_chaos":1,"born_in_chaos_v1:baby_skeleton":3,"born_in_chaos_v1:swarmer":2,"minecraft:bat":2,"born_in_chaos_v1:decrepit_skeleton":3,"iceandfire:ghost":4,"minecraft:enderman":1},"minecraft:killed_by":{"minecraft:creeper":1,"iceandfire:stymphalian_bird":1,"minecraft:zombie":4,"iceandfire:fire_dragon":1,"minecraft:player":2,"born_in_chaos_v1:zombie_lumberjack":1,"iceandfire:hippogryph":1,"mowziesmobs:ferrous_wroughtnaut":1,"minecraft:skeleton":3},"minecraft:used":{"minecraft:iron_shovel":23,"minecraft:spruce_slab":2,"minecraft:ladder":1,"minecraft:shield":13,"minecraft:iron_sword":598,"minecraft:carrot":14,"minecraft:honey_bottle":2,"minecraft:stone_brick_stairs":4,"minecraft:stone_bricks":5,"minecraft:bow":18,"iceandfire:chared_stone":3,"minecraft:furnace":4,"minecraft:beetroot_seeds":1,"minecraft:skeleton_skull":1,"minecraft:potato":2,"minecraft:dark_oak_stairs":2,"minecraft:mossy_stone_bricks":2,"minecraft:oak_planks":42,"minecraft:stone_pickaxe":66,"minecraft:wooden_pickaxe":3,"minecraft:glow_berries":3,"travelersbackpack:bee":7,"minecraft:lightning_rod":1,"minecraft:redstone_torch":1,"born_in_chaos_v1:monster_flesh":1,"minecraft:bread":48,"minecraft:gravel":1,"iceandfire:chared_cobblestone":3,"minecraft:andesite":5,"minecraft:torch":1,"minecraft:dirt":7,"minecraft:iron_axe":6,"minecraft:iron_boots":1,"minecraft:golden_carrot":6,"minecraft:cobbled_deepslate":13,"minecraft:golden_axe":4,"born_in_chaos_v1:mint_ice_cream":1,"minecraft:pink_tulip":9,"minecraft:polished_andesite":2,"minecraft:baked_potato":26,"minecraft:waxed_oxidized_cut_copper":7,"minecraft:cracked_stone_bricks":1,"minecraft:crafting_table":11,"mowziesmobs:wrought_axe":512,"minecraft:diamond_pickaxe":133,"minecraft:apple":15,"minecraft:warped_trapdoor":1,"minecraft:iron_pickaxe":94,"minecraft:stone_axe":60,"minecraft:cooked_porkchop":11,"iceandfire:silver_shovel":11,"minecraft:candle":4},"minecraft:dropped":{"minecraft:iron_sword":2,"minecraft:lapis_lazuli":16,"minecraft:oak_log":4,"born_in_chaos_v1:fried_maggot":6,"minecraft:glass_bottle":2,"minecraft:spore_blossom":1,"minecraft:orange_tulip":2,"minecraft:glow_item_frame":2,"minecraft:lantern":5,"minecraft:cracked_stone_bricks":1,"minecraft:flint":3,"iceandfire:graveyard_soil":1,"minecraft:music_disc_13":1,"minecraft:emerald":1,"born_in_chaos_v1:monster_flesh":3,"minecraft:packed_mud":1,"minecraft:dirt":58,"minecraft:cornflower":2,"minecraft:mutton":1,"gravestone:obituary":3,"minecraft:gold_nugget":39,"minecraft:bone_block":12,"minecraft:iron_pickaxe":3,"minecraft:dark_oak_planks":4,"minecraft:white_wool":1,"minecraft:bone":68,"minecraft:gravel":2,"minecraft:white_tulip":4,"minecraft:stone_axe":1,"minecraft:sugar_cane":14,"minecraft:lever":2,"minecraft:polished_andesite_slab":1,"alexsmobs:animal_dictionary":1,"minecraft:cobbled_deepslate":2,"minecraft:wheat":34,"minecraft:rotten_flesh":98,"minecraft:oak_planks":54,"iceandfire:silver_shovel":1,"minecraft:stone_stairs":1,"minecraft:waxed_copper_block":1,"evilcraft:flesh_humanoid":4,"minecraft:carrot":1,"minecraft:chainmail_chestplate":1,"minecraft:skeleton_skull":1,"born_in_chaos_v1:corpse_maggot":23,"minecraft:leather_boots":1,"minecraft:chainmail_boots":1,"minecraft:azalea":1,"minecraft:chest":1,"minecraft:bread":57,"minecraft:wheat_seeds":5,"minecraft:golden_axe":1,"minecraft:iron_helmet":3,"minecraft:cobblestone":5,"minecraft:granite":4,"minecraft:polished_andesite":1,"minecraft:stick":13,"born_in_chaos_v1:gnawed_bones":1,"mca:book_romance":7,"minecraft:rose_bush":1,"minecraft:diamond_helmet":1,"minecraft:iron_leggings":2,"ribbits:giant_lilypad":11,"minecraft:iron_shovel":6,"minecraft:string":52,"minecraft:acacia_planks":11,"minecraft:pink_tulip":2,"minecraft:redstone":9,"minecraft:furnace":1,"minecraft:dark_prismarine_stairs":2,"minecraft:coarse_dirt":14,"minecraft:smooth_stone_slab":2,"minecraft:raw_iron":33,"minecraft:clay_ball":48,"minecraft:iron_boots":1,"quark:orange_shard":6,"minecraft:name_tag":1,"minecraft:spruce_fence":2,"minecraft:big_dripleaf":2,"minecraft:mud_bricks":1,"minecraft:allium":6,"aether:iron_gloves":2,"minecraft:waxed_cut_copper":3,"minecraft:spruce_trapdoor":3,"minecraft:iron_chestplate":1,"minecraft:andesite":16,"minecraft:oak_sapling":1,"minecraft:waxed_oxidized_cut_copper":2,"minecraft:redstone_torch":2,"minecraft:stone_bricks":9,"minecraft:stone_pickaxe":2,"minecraft:wooden_pickaxe":2,"minecraft:red_tulip":1},"minecraft:broken":{"minecraft:iron_sword":2,"quark:forgotten_hat":1,"aether:iron_gloves":1,"minecraft:shield":1},"minecraft:picked_up":{"minecraft:iron_chestplate":1,"minecraft:wheat":34,"aether:iron_gloves":4,"minecraft:stone_brick_stairs":4,"minecraft:brewing_stand":5,"iceandfire:manuscript":24,"minecraft:string":62,"minecraft:raw_copper":15,"minecraft:smooth_stone_slab":2,"minecraft:iron_leggings":2,"minecraft:diamond_leggings":2,"minecraft:gold_nugget":34,"minecraft:cobbled_deepslate":15,"minecraft:white_tulip":4,"minecraft:rose_bush":3,"minecraft:redstone_torch":1,"minecraft:ender_eye":6,"minecraft:azalea":1,"minecraft:iron_pickaxe":3,"minecraft:iron_boots":5,"minecraft:furnace":3,"minecraft:stick":5,"minecraft:big_dripleaf":2,"minecraft:torch":2,"minecraft:acacia_log":1,"minecraft:porkchop":6,"minecraft:golden_axe":2,"minecraft:lightning_rod":1,"minecraft:rotten_flesh":150,"minecraft:red_tulip":1,"minecraft:waxed_cut_copper":3,"minecraft:obsidian":12,"minecraft:cobblestone":69,"minecraft:lilac":1,"born_in_chaos_v1:spiritual_dust":3,"minecraft:andesite":58,"minecraft:potato":8,"minecraft:flint":3,"minecraft:warped_trapdoor":1,"evilcraft:flesh_humanoid":4,"minecraft:lapis_lazuli":16,"minecraft:dirt":67,"minecraft:lantern":5,"minecraft:name_tag":1,"born_in_chaos_v1:monster_skin":5,"minecraft:leather_boots":1,"minecraft:bone":94,"minecraft:acacia_planks":14,"minecraft:bow":3,"minecraft:orange_tulip":1,"minecraft:wheat_seeds":10,"minecraft:raw_gold":26,"travelersbackpack:bee":3,"minecraft:diamond_helmet":2,"minecraft:mossy_stone_bricks":2,"minecraft:oak_planks":75,"minecraft:music_disc_13":2,"iceandfire:chared_cobblestone":3,"minecraft:polished_andesite":3,"minecraft:diamond":30,"minecraft:lever":2,"minecraft:granite":4,"minecraft:emerald":14,"minecraft:bread":84,"minecraft:diamond_pickaxe":2,"iceandfire:raw_silver":14,"iceandfire:dragon_skull_lightning":3,"minecraft:waxed_oxidized_cut_copper":9,"minecraft:coarse_dirt":14,"minecraft:crafting_table":4,"minecraft:allium":6,"minecraft:ladder":1,"minecraft:clay_ball":48,"born_in_chaos_v1:seedof_chaos":6,"minecraft:wooden_pickaxe":1,"quark:orange_shard":6,"gravestone:obituary":2,"minecraft:shield":3,"minecraft:cornflower":2,"minecraft:moss_carpet":2,"minecraft:stone_stairs":2,"minecraft:iron_shovel":9,"iceandfire:graveyard_soil":1,"minecraft:cracked_stone_bricks":2,"minecraft:candle":4,"minecraft:dark_prismarine_stairs":4,"born_in_chaos_v1:gnawed_bones":1,"minecraft:spruce_slab":2,"minecraft:sugar_cane":100,"minecraft:chest":1,"minecraft:spruce_trapdoor":6,"minecraft:raw_iron":56,"iceandfire:dragonbone":63,"minecraft:glow_item_frame":2,"minecraft:copper_ingot":18,"minecraft:spruce_fence":2,"minecraft:carrot":13,"minecraft:redstone":20,"minecraft:dark_oak_planks":14,"minecraft:tnt":6,"iceandfire:silver_ingot":2,"minecraft:diamond_chestplate":2,"minecraft:arrow":75,"minecraft:beetroot_seeds":1,"minecraft:peony":1,"minecraft:hay_block":18,"minecraft:pink_tulip":12,"minecraft:glow_berries":2,"minecraft:mutton":1,"minecraft:skeleton_skull":2,"minecraft:bone_block":48,"minecraft:white_wool":1,"born_in_chaos_v1:corpse_maggot":33,"minecraft:mud_bricks":5,"minecraft:golden_carrot":8,"born_in_chaos_v1:monster_flesh":5,"minecraft:packed_mud":2,"minecraft:waxed_copper_block":2,"minecraft:oak_log":33,"minecraft:chainmail_chestplate":1,"minecraft:gunpowder":20,"mowziesmobs:wrought_axe":3,"mca:book_romance":5,"quark:forgotten_hat":1,"minecraft:apple":4,"minecraft:stone_bricks":14,"minecraft:spore_blossom":1,"minecraft:iron_ingot":35,"minecraft:stone_pickaxe":1,"minecraft:glass_bottle":2,"minecraft:polished_andesite_slab":1,"minecraft:flowering_azalea":1,"minecraft:dark_oak_stairs":2,"minecraft:iron_sword":5,"minecraft:book":2,"iceandfire:chared_stone":3,"born_in_chaos_v1:ethereal_spirit":2,"minecraft:gravel":3,"minecraft:green_carpet":1,"minecraft:slime_ball":4,"minecraft:stone_axe":1,"evilcraft:dark_gem":22,"minecraft:iron_helmet":2,"minecraft:diamond_axe":1,"minecraft:baked_potato":16,"minecraft:dark_oak_wood":2,"minecraft:coal":51,"minecraft:ender_pearl":1},"minecraft:mined":{"minecraft:dark_oak_planks":9,"minecraft:dark_prismarine_stairs":2,"iceandfire:graveyard_soil":9,"minecraft:brewing_stand":1,"minecraft:spruce_trapdoor":3,"minecraft:granite":4,"minecraft:grass_block":3,"minecraft:mud_bricks":3,"minecraft:spawner":3,"minecraft:iron_ore":42,"minecraft:cobbled_deepslate":2,"minecraft:dark_oak_stairs":2,"minecraft:red_tulip":1,"minecraft:cave_vines":2,"iceandfire:gold_pile":5,"minecraft:pink_tulip":1,"minecraft:spruce_slab":2,"iceandfire:chared_cobblestone":5,"minecraft:dark_oak_wood":2,"minecraft:dead_bush":1,"minecraft:cobblestone":17,"minecraft:oak_planks":8,"minecraft:sugar_cane":6,"minecraft:wall_torch":1,"mca:cross_headstone":1,"minecraft:skeleton_skull":1,"evilcraft:dark_ore_deepslate":1,"minecraft:lilac":1,"minecraft:orange_tulip":1,"minecraft:stone_brick_stairs":3,"minecraft:grass":116,"minecraft:oak_log":30,"minecraft:beetroots":1,"minecraft:dirt":8,"minecraft:deepslate":16,"iceandfire:chared_stone":4,"minecraft:suspicious_gravel":2,"iceandfire:silver_ore":6,"minecraft:dark_oak_leaves":1,"minecraft:deepslate_diamond_ore":26,"gravestone:gravestone":4,"minecraft:allium":1,"iceandfire:deepslate_silver_ore":7,"minecraft:moss_block":1,"minecraft:hay_block":18,"minecraft:spore_blossom":1,"minecraft:waxed_oxidized_cut_copper":4,"minecraft:packed_mud":1,"minecraft:furnace":2,"minecraft:carrots":4,"minecraft:andesite":34,"evilcraft:dark_ore":5,"minecraft:peony":1,"minecraft:potatoes":2,"minecraft:deepslate_iron_ore":4,"minecraft:vine":3,"minecraft:stone":43,"minecraft:flowering_azalea":1,"minecraft:dandelion":3,"minecraft:crafting_table":4,"minecraft:cornflower":3,"minecraft:emerald_ore":4,"minecraft:rose_bush":2,"minecraft:lightning_rod":1,"minecraft:tall_grass":30,"minecraft:deepslate_gold_ore":4,"minecraft:spruce_stairs":1,"minecraft:redstone_torch":1,"minecraft:coal_ore":24,"minecraft:gravel":3,"minecraft:cobweb":3,"minecraft:cracked_stone_bricks":1,"minecraft:acacia_planks":3,"minecraft:stone_bricks":12,"minecraft:polished_andesite":4,"minecraft:small_dripleaf":2,"minecraft:mossy_stone_bricks":2,"minecraft:fern":10}},"DataVersion":3465}