{"stats":{"minecraft:crafted":{"minecraft:oak_planks":116,"aether:iron_ring":1,"quark:sturdy_stone":2,"iceandfire:silver_shovel":1,"minecraft:diamond_helmet":2,"minecraft:diamond_leggings":1,"minecraft:iron_boots":1,"minecraft:cooked_porkchop":11,"minecraft:crafting_table":8,"minecraft:wooden_pickaxe":2,"minecraft:baked_potato":26,"minecraft:diamond_pickaxe":1,"minecraft:shield":2,"minecraft:stick":24,"minecraft:iron_ingot":17,"minecraft:iron_pickaxe":1,"minecraft:furnace":3,"minecraft:bone_meal":108,"born_in_chaos_v1:fried_maggot":6,"minecraft:stone_pickaxe":1,"minecraft:dark_oak_planks":8,"minecraft:wheat":162,"minecraft:iron_sword":1,"minecraft:stone_axe":1,"minecraft:bread":54,"minecraft:air":0,"minecraft:acacia_planks":4,"minecraft:diamond_chestplate":1},"minecraft:broken":{"minecraft:iron_sword":2,"quark:forgotten_hat":1,"aether:iron_gloves":2,"minecraft:shield":1},"minecraft:dropped":{"minecraft:iron_sword":2,"minecraft:lapis_lazuli":16,"minecraft:oak_log":5,"born_in_chaos_v1:fried_maggot":6,"minecraft:glass_bottle":2,"minecraft:spore_blossom":1,"minecraft:orange_tulip":2,"minecraft:glow_item_frame":2,"minecraft:lantern":5,"minecraft:cracked_stone_bricks":1,"minecraft:flint":3,"iceandfire:graveyard_soil":1,"minecraft:music_disc_13":1,"minecraft:emerald":1,"born_in_chaos_v1:monster_flesh":4,"minecraft:packed_mud":1,"minecraft:dirt":58,"minecraft:dark_oak_log":4,"minecraft:cornflower":7,"minecraft:mutton":1,"gravestone:obituary":3,"minecraft:gold_nugget":39,"minecraft:bone_meal":108,"minecraft:bone_block":12,"minecraft:iron_pickaxe":3,"minecraft:dark_oak_planks":4,"minecraft:white_wool":1,"minecraft:bone":68,"minecraft:gravel":2,"minecraft:white_tulip":5,"minecraft:stone_axe":1,"minecraft:sugar_cane":14,"minecraft:lever":2,"minecraft:polished_andesite_slab":1,"minecraft:cobbled_deepslate":2,"alexsmobs:animal_dictionary":1,"minecraft:wheat":41,"minecraft:rotten_flesh":121,"minecraft:oak_planks":54,"iceandfire:silver_shovel":1,"minecraft:stone_stairs":1,"minecraft:azure_bluet":1,"minecraft:waxed_copper_block":1,"evilcraft:flesh_humanoid":7,"minecraft:carrot":1,"minecraft:chainmail_chestplate":1,"minecraft:poppy":1,"minecraft:gunpowder":14,"minecraft:skeleton_skull":1,"minecraft:jungle_log":2,"born_in_chaos_v1:corpse_maggot":30,"minecraft:leather_boots":1,"minecraft:azalea":1,"minecraft:chainmail_boots":1,"minecraft:chest":1,"minecraft:bread":57,"minecraft:wheat_seeds":22,"minecraft:lilac":1,"minecraft:golden_axe":1,"minecraft:iron_helmet":3,"minecraft:cobblestone":20,"minecraft:granite":4,"minecraft:grass_block":1,"minecraft:stick":29,"minecraft:polished_andesite":1,"born_in_chaos_v1:gnawed_bones":1,"mca:book_romance":7,"minecraft:torch":1,"minecraft:rose_bush":3,"minecraft:diamond_helmet":1,"minecraft:iron_leggings":2,"minecraft:flowering_azalea":1,"ribbits:giant_lilypad":11,"minecraft:iron_shovel":6,"minecraft:string":54,"minecraft:acacia_planks":11,"minecraft:redstone":9,"minecraft:pink_tulip":4,"minecraft:furnace":1,"minecraft:moss_carpet":2,"minecraft:dark_prismarine_stairs":2,"minecraft:coarse_dirt":14,"minecraft:smooth_stone_slab":2,"minecraft:raw_iron":33,"minecraft:clay_ball":48,"minecraft:iron_boots":1,"quark:orange_shard":6,"minecraft:name_tag":1,"minecraft:spruce_fence":2,"minecraft:big_dripleaf":2,"minecraft:potato":1,"minecraft:mud_bricks":4,"minecraft:allium":6,"aether:iron_gloves":2,"minecraft:waxed_cut_copper":3,"minecraft:peony":1,"minecraft:spruce_trapdoor":3,"minecraft:iron_chestplate":1,"minecraft:andesite":17,"minecraft:oak_sapling":1,"minecraft:waxed_oxidized_cut_copper":2,"minecraft:redstone_torch":2,"minecraft:spider_eye":1,"minecraft:stone_bricks":9,"minecraft:stone_pickaxe":2,"minecraft:wooden_pickaxe":3,"minecraft:red_tulip":1},"minecraft:mined":{"minecraft:dark_oak_planks":10,"minecraft:dark_prismarine_stairs":2,"iceandfire:graveyard_soil":9,"minecraft:brewing_stand":1,"minecraft:spruce_trapdoor":3,"minecraft:granite":4,"minecraft:grass_block":3,"minecraft:mud_bricks":3,"minecraft:spawner":3,"minecraft:iron_ore":65,"minecraft:cobbled_deepslate":2,"minecraft:dark_oak_stairs":2,"minecraft:red_tulip":1,"iceandfire:gold_pile":5,"minecraft:cave_vines":2,"minecraft:pink_tulip":3,"minecraft:spruce_slab":2,"iceandfire:chared_cobblestone":5,"minecraft:dark_oak_wood":2,"minecraft:dead_bush":1,"minecraft:cobblestone":17,"minecraft:oak_planks":11,"minecraft:sugar_cane":6,"minecraft:wall_torch":1,"mca:cross_headstone":1,"minecraft:skeleton_skull":1,"evilcraft:dark_ore_deepslate":1,"minecraft:wheat":7,"minecraft:lilac":1,"minecraft:orange_tulip":1,"minecraft:stone_brick_stairs":3,"minecraft:grass":129,"minecraft:oak_log":30,"minecraft:beetroots":1,"minecraft:dirt":8,"minecraft:deepslate":16,"iceandfire:chared_stone":4,"minecraft:suspicious_gravel":2,"iceandfire:silver_ore":12,"minecraft:dark_oak_leaves":1,"minecraft:deepslate_diamond_ore":26,"gravestone:gravestone":5,"minecraft:allium":1,"iceandfire:deepslate_silver_ore":7,"minecraft:moss_block":1,"minecraft:hay_block":18,"minecraft:spore_blossom":1,"minecraft:packed_mud":1,"minecraft:waxed_oxidized_cut_copper":4,"minecraft:furnace":2,"minecraft:carrots":6,"minecraft:andesite":35,"evilcraft:dark_ore":5,"minecraft:peony":1,"minecraft:potatoes":3,"minecraft:deepslate_iron_ore":4,"minecraft:vine":3,"minecraft:white_tulip":2,"minecraft:stone":50,"minecraft:flowering_azalea":1,"minecraft:dandelion":3,"minecraft:crafting_table":4,"minecraft:cornflower":3,"minecraft:emerald_ore":4,"minecraft:rose_bush":2,"minecraft:stone_slab":1,"minecraft:lightning_rod":1,"minecraft:tall_grass":31,"minecraft:deepslate_gold_ore":4,"minecraft:spruce_stairs":1,"minecraft:purple_bed":1,"minecraft:redstone_torch":1,"minecraft:coal_ore":157,"minecraft:gravel":3,"minecraft:cobweb":3,"minecraft:cracked_stone_bricks":1,"minecraft:acacia_planks":6,"minecraft:polished_andesite":4,"minecraft:stone_bricks":12,"minecraft:small_dripleaf":2,"minecraft:mossy_stone_bricks":2,"minecraft:fern":10},"minecraft:used":{"minecraft:iron_shovel":23,"minecraft:spruce_slab":2,"minecraft:ladder":1,"minecraft:shield":31,"minecraft:iron_sword":598,"minecraft:carrot":87,"minecraft:honey_bottle":2,"minecraft:stone_brick_stairs":4,"minecraft:stone_bricks":5,"minecraft:bow":18,"iceandfire:chared_stone":3,"minecraft:furnace":4,"minecraft:beetroot_seeds":1,"minecraft:skeleton_skull":1,"minecraft:potato":2,"minecraft:dark_oak_stairs":2,"minecraft:mossy_stone_bricks":2,"minecraft:oak_planks":44,"minecraft:stone_pickaxe":66,"minecraft:wooden_pickaxe":5,"minecraft:glow_berries":3,"travelersbackpack:bee":7,"minecraft:lightning_rod":1,"minecraft:redstone_torch":1,"born_in_chaos_v1:monster_flesh":1,"minecraft:bread":48,"minecraft:gravel":1,"iceandfire:chared_cobblestone":3,"minecraft:andesite":5,"minecraft:torch":1,"minecraft:dirt":48,"minecraft:dark_oak_planks":3,"minecraft:iron_axe":6,"minecraft:iron_boots":1,"minecraft:golden_carrot":6,"minecraft:golden_axe":4,"minecraft:cobbled_deepslate":13,"born_in_chaos_v1:trident_hayfork":41,"born_in_chaos_v1:mint_ice_cream":1,"minecraft:pink_tulip":9,"minecraft:polished_andesite":2,"minecraft:baked_potato":26,"minecraft:waxed_oxidized_cut_copper":7,"minecraft:cracked_stone_bricks":1,"minecraft:crafting_table":12,"mowziesmobs:wrought_axe":665,"minecraft:diamond_pickaxe":305,"minecraft:cornflower":2,"minecraft:apple":17,"minecraft:warped_trapdoor":1,"minecraft:iron_pickaxe":94,"minecraft:stone_slab":1,"minecraft:stone_axe":60,"minecraft:cooked_porkchop":11,"iceandfire:silver_shovel":11,"minecraft:candle":4},"minecraft:killed_by":{"mutantmonsters:mutant_zombie":1,"minecraft:creeper":1,"born_in_chaos_v1:zombie_bruiser":1,"iceandfire:stymphalian_bird":1,"mutantmonsters:mutant_creeper":2,"minecraft:witch":1,"minecraft:zombie":4,"iceandfire:fire_dragon":1,"minecraft:player":3,"born_in_chaos_v1:zombie_lumberjack":1,"iceandfire:hippogryph":1,"mowziesmobs:ferrous_wroughtnaut":1,"minecraft:skeleton":4},"minecraft:killed":{"alexsmobs:hummingbird":2,"minecraft:cave_spider":2,"born_in_chaos_v1:restless_spirit":3,"born_in_chaos_v1:zombie_lumberjack":4,"minecraft:spider":6,"minecraft:zombie_horse":3,"quark:forgotten":1,"born_in_chaos_v1:baby_skeleton_minion":2,"minecraft:skeleton":25,"enderzoology:infested_zombie":3,"born_in_chaos_v1:skeleton_thrasher":1,"minecraft:skeleton_horse":3,"enderzoology:fallen_knight":2,"minecraft:pig":3,"minecraft:creeper":2,"minecraft:sheep":1,"minecraft:pillager":4,"minecraft:zombie":78,"born_in_chaos_v1:dread_hound":5,"born_in_chaos_v1:corpse_fly":14,"mca:male_villager":1,"alexsmobs:fly":1,"mutantmonsters:mutant_creeper":1,"born_in_chaos_v1:door_knight":3,"minecraft:vindicator":1,"born_in_chaos_v1:zombie_bruiser":3,"born_in_chaos_v1:maggot":23,"mowziesmobs:ferrous_wroughtnaut":1,"born_in_chaos_v1:corpse_fish":1,"born_in_chaos_v1:spiritof_chaos":1,"born_in_chaos_v1:fallen_chaos_knight":1,"born_in_chaos_v1:baby_skeleton":4,"born_in_chaos_v1:swarmer":2,"minecraft:bat":2,"enderzoology:concussion_creeper":1,"born_in_chaos_v1:decrepit_skeleton":5,"mutantmonsters:creeper_minion":5,"iceandfire:ghost":4,"minecraft:enderman":2},"minecraft:picked_up":{"minecraft:iron_chestplate":1,"minecraft:wheat":41,"minecraft:stone_slab":1,"aether:iron_gloves":5,"minecraft:stone_brick_stairs":4,"minecraft:brewing_stand":9,"iceandfire:manuscript":36,"minecraft:string":64,"minecraft:raw_copper":15,"minecraft:smooth_stone_slab":2,"minecraft:iron_leggings":2,"minecraft:beetroot":9,"minecraft:diamond_leggings":3,"minecraft:gold_nugget":34,"minecraft:cobbled_deepslate":15,"minecraft:bucket":1,"enderzoology:ender_fragment":3,"minecraft:white_tulip":7,"minecraft:rose_bush":5,"minecraft:redstone_torch":1,"minecraft:ender_eye":6,"minecraft:azalea":1,"minecraft:iron_pickaxe":3,"minecraft:iron_boots":5,"minecraft:furnace":3,"minecraft:stick":21,"minecraft:big_dripleaf":2,"minecraft:torch":3,"minecraft:acacia_log":1,"minecraft:porkchop":6,"minecraft:golden_axe":2,"minecraft:lightning_rod":1,"minecraft:rotten_flesh":180,"minecraft:red_tulip":1,"alexsmobs:emu_egg":1,"minecraft:waxed_cut_copper":3,"minecraft:obsidian":18,"minecraft:cobblestone":84,"minecraft:lilac":2,"born_in_chaos_v1:spiritual_dust":3,"minecraft:andesite":59,"minecraft:jungle_log":2,"minecraft:potato":9,"minecraft:flint":3,"minecraft:warped_trapdoor":1,"evilcraft:flesh_humanoid":7,"minecraft:lapis_lazuli":16,"minecraft:dirt":146,"minecraft:lantern":5,"minecraft:name_tag":1,"born_in_chaos_v1:monster_skin":6,"minecraft:leather_boots":1,"minecraft:bone":135,"minecraft:acacia_planks":15,"minecraft:bow":5,"minecraft:wheat_seeds":27,"minecraft:orange_tulip":1,"minecraft:raw_gold":26,"travelersbackpack:bee":4,"minecraft:mossy_stone_bricks":2,"minecraft:diamond_helmet":3,"minecraft:oak_planks":80,"minecraft:music_disc_13":2,"minecraft:grass_block":1,"minecraft:dark_oak_log":4,"iceandfire:chared_cobblestone":3,"minecraft:polished_andesite":3,"minecraft:diamond":30,"minecraft:lever":2,"minecraft:granite":4,"minecraft:emerald":14,"minecraft:bread":84,"iceandfire:raw_silver":20,"minecraft:diamond_pickaxe":3,"iceandfire:dragon_skull_lightning":5,"minecraft:coarse_dirt":14,"minecraft:waxed_oxidized_cut_copper":9,"minecraft:crafting_table":4,"minecraft:allium":6,"minecraft:azure_bluet":1,"minecraft:ladder":1,"minecraft:clay_ball":48,"born_in_chaos_v1:seedof_chaos":6,"minecraft:wooden_pickaxe":2,"quark:orange_shard":6,"gravestone:obituary":3,"minecraft:shield":4,"minecraft:cornflower":9,"minecraft:stone_stairs":2,"minecraft:moss_carpet":4,"minecraft:iron_shovel":9,"iceandfire:graveyard_soil":1,"minecraft:cracked_stone_bricks":2,"minecraft:candle":4,"minecraft:dark_prismarine_stairs":4,"born_in_chaos_v1:gnawed_bones":1,"minecraft:poppy":2,"minecraft:spruce_slab":2,"minecraft:sugar_cane":143,"minecraft:chest":1,"minecraft:spruce_trapdoor":6,"minecraft:raw_iron":79,"iceandfire:dragonbone":101,"minecraft:glow_item_frame":2,"minecraft:copper_ingot":18,"minecraft:spruce_fence":2,"born_in_chaos_v1:pieceofdarkmetal":3,"minecraft:carrot":85,"minecraft:redstone":30,"minecraft:dark_oak_planks":15,"minecraft:tnt":6,"iceandfire:silver_ingot":3,"minecraft:arrow":109,"minecraft:diamond_chestplate":3,"minecraft:beetroot_seeds":1,"minecraft:peony":2,"minecraft:hay_block":18,"minecraft:pink_tulip":15,"minecraft:saddle":1,"born_in_chaos_v1:trident_hayfork":1,"minecraft:glow_berries":2,"minecraft:mutton":1,"minecraft:bone_block":60,"minecraft:skeleton_skull":2,"minecraft:white_wool":1,"born_in_chaos_v1:corpse_maggot":40,"minecraft:mud_bricks":8,"minecraft:golden_carrot":8,"born_in_chaos_v1:monster_flesh":8,"minecraft:packed_mud":2,"minecraft:chainmail_chestplate":1,"minecraft:oak_log":48,"minecraft:waxed_copper_block":2,"minecraft:gunpowder":34,"mowziesmobs:wrought_axe":4,"mca:book_romance":5,"quark:forgotten_hat":1,"minecraft:apple":4,"minecraft:stone_bricks":14,"minecraft:spore_blossom":1,"minecraft:iron_ingot":37,"minecraft:stone_pickaxe":1,"minecraft:glass_bottle":2,"minecraft:polished_andesite_slab":1,"minecraft:iron_sword":5,"minecraft:flowering_azalea":2,"minecraft:dark_oak_stairs":2,"minecraft:book":2,"iceandfire:chared_stone":3,"born_in_chaos_v1:ethereal_spirit":2,"minecraft:gravel":3,"minecraft:green_carpet":1,"minecraft:spider_eye":1,"minecraft:purple_bed":1,"minecraft:slime_ball":4,"minecraft:stone_axe":1,"minecraft:iron_helmet":2,"evilcraft:dark_gem":22,"minecraft:diamond_axe":2,"minecraft:baked_potato":16,"minecraft:dark_oak_wood":2,"minecraft:coal":184,"minecraft:ender_pearl":2},"minecraft:custom":{"minecraft:interact_with_crafting_table":42,"minecraft:open_barrel":15,"minecraft:leave_game":10,"minecraft:time_since_death":22740,"minecraft:sprint_one_cm":756868,"minecraft:damage_blocked_by_shield":2775,"minecraft:drop":213,"minecraft:talked_to_villager":1,"minecraft:play_time":220928,"minecraft:deaths":22,"minecraft:jump":5890,"minecraft:walk_on_water_one_cm":22092,"minecraft:interact_with_furnace":38,"minecraft:open_enderchest":3,"minecraft:damage_dealt":32819,"minecraft:player_kills":4,"minecraft:crouch_one_cm":14724,"minecraft:mob_kills":231,"minecraft:damage_dealt_resisted":1348,"minecraft:climb_one_cm":4493,"minecraft:walk_one_cm":726052,"minecraft:sneak_time":6823,"minecraft:walk_under_water_one_cm":20216,"minecraft:total_world_time":220928,"minecraft:interact_with_stonecutter":1,"minecraft:time_since_rest":22757,"minecraft:damage_taken":13924,"minecraft:trigger_trapped_chest":4,"minecraft:swim_one_cm":49216,"minecraft:fly_one_cm":1177196,"minecraft:open_chest":68,"minecraft:fall_one_cm":215797}},"DataVersion":3465}