{"stats":{"minecraft:mined":{"minecraft:cornflower":2,"minecraft:crafting_table":2,"gravestone:gravestone":1,"minecraft:tall_grass":2,"minecraft:oak_planks":3,"minecraft:iron_ore":8,"minecraft:redstone_torch":1,"minecraft:andesite":1,"minecraft:orange_tulip":1,"minecraft:stone_brick_stairs":3,"minecraft:grass":24,"minecraft:oak_log":20,"minecraft:coal_ore":11,"minecraft:beetroots":1,"minecraft:dirt":8,"minecraft:cracked_stone_bricks":1,"minecraft:stone":6,"minecraft:stone_bricks":6,"minecraft:polished_andesite":2,"minecraft:mossy_stone_bricks":2,"minecraft:suspicious_gravel":1},"minecraft:dropped":{"minecraft:wheat_seeds":1,"alexsmobs:animal_dictionary":1,"minecraft:orange_tulip":2,"minecraft:rotten_flesh":26,"minecraft:stick":2,"minecraft:cornflower":2,"minecraft:oak_sapling":1,"minecraft:stone_bricks":3,"minecraft:stone_pickaxe":1,"minecraft:red_tulip":1},"minecraft:killed_by":{"born_in_chaos_v1:zombie_lumberjack":1},"minecraft:crafted":{"minecraft:oak_planks":80,"minecraft:crafting_table":2,"minecraft:wooden_pickaxe":1,"minecraft:stone_axe":1,"minecraft:shield":1,"minecraft:stick":8,"minecraft:stone_pickaxe":1},"minecraft:used":{"minecraft:mossy_stone_bricks":2,"minecraft:stone_pickaxe":38,"minecraft:polished_andesite":2,"minecraft:oak_planks":6,"minecraft:shield":2,"minecraft:wooden_pickaxe":3,"minecraft:iron_sword":6,"minecraft:cracked_stone_bricks":1,"minecraft:dirt":7,"minecraft:crafting_table":3,"minecraft:redstone_torch":1,"minecraft:apple":10,"minecraft:bread":6,"minecraft:iron_boots":1,"minecraft:stone_brick_stairs":3,"minecraft:stone_axe":40,"minecraft:beetroot_seeds":1,"minecraft:andesite":1,"minecraft:potato":2},"minecraft:killed":{"alexsmobs:hummingbird":2,"minecraft:spider":1,"minecraft:skeleton":2,"minecraft:zombie":3},"minecraft:custom":{"minecraft:mob_kills":8,"minecraft:interact_with_crafting_table":12,"minecraft:leave_game":6,"minecraft:time_since_death":36857,"minecraft:time_since_rest":36882,"minecraft:sprint_one_cm":88377,"minecraft:damage_taken":936,"minecraft:walk_one_cm":101468,"minecraft:damage_blocked_by_shield":150,"minecraft:drop":10,"minecraft:damage_dealt":1833,"minecraft:talked_to_villager":1,"minecraft:fly_one_cm":111774,"minecraft:player_kills":1,"minecraft:open_chest":22,"minecraft:crouch_one_cm":974,"minecraft:play_time":57140,"minecraft:deaths":1,"minecraft:sneak_time":396,"minecraft:jump":599,"minecraft:walk_on_water_one_cm":28,"minecraft:total_world_time":57140,"minecraft:fall_one_cm":23416},"minecraft:picked_up":{"minecraft:crafting_table":2,"minecraft:andesite":1,"minecraft:stone_brick_stairs":4,"minecraft:oak_log":20,"minecraft:cornflower":2,"minecraft:dirt":29,"minecraft:smooth_stone_slab":2,"minecraft:iron_shovel":1,"minecraft:bone":1,"minecraft:stone_bricks":4,"minecraft:cracked_stone_bricks":1,"minecraft:orange_tulip":1,"minecraft:wheat_seeds":1,"minecraft:iron_ingot":1,"minecraft:stone_pickaxe":1,"minecraft:redstone_torch":1,"minecraft:azalea":1,"minecraft:mossy_stone_bricks":2,"minecraft:oak_planks":3,"minecraft:raw_iron":8,"minecraft:polished_andesite":2,"minecraft:arrow":2,"minecraft:rotten_flesh":5,"minecraft:beetroot_seeds":1,"minecraft:red_tulip":1,"minecraft:coal":11,"minecraft:cobblestone":6}},"DataVersion":3465}