{"stats":{"minecraft:crafted":{"minecraft:oak_planks":32,"minecraft:crafting_table":2,"minecraft:spruce_planks":24,"minecraft:stick":12,"minecraft:wooden_pickaxe":1,"minecraft:stone_pickaxe":1,"minecraft:wooden_axe":1,"minecraft:furnace":1,"minecraft:stone_axe":1,"minecraft:air":0,"minecraft:cooked_beef":5},"minecraft:killed":{"minecraft:skeleton":1,"minecraft:zombie":1,"minecraft:pig":4,"minecraft:spider":1,"alexsmobs:fly":1,"born_in_chaos_v1:decrepit_skeleton":1,"born_in_chaos_v1:siamese_skeletonsleft":1,"born_in_chaos_v1:siamese_skeletons":1,"minecraft:cow":5},"minecraft:killed_by":{"born_in_chaos_v1:dark_vortex":1},"minecraft:used":{"minecraft:wooden_axe":9,"minecraft:stone_pickaxe":103,"minecraft:string":1,"minecraft:wooden_pickaxe":9,"minecraft:spruce_sapling":1,"dynamictrees:oak_seed":9,"minecraft:stone_axe":27,"minecraft:dirt":1,"minecraft:cobblestone":17,"minecraft:crafting_table":2,"minecraft:furnace":1,"minecraft:cooked_beef":3},"minecraft:custom":{"minecraft:time_since_rest":3212,"minecraft:interact_with_furnace":2,"minecraft:sprint_one_cm":56498,"minecraft:damage_taken":530,"minecraft:walk_one_cm":52945,"minecraft:mob_kills":16,"minecraft:damage_dealt":2200,"minecraft:swim_one_cm":3776,"minecraft:interact_with_crafting_table":6,"minecraft:fly_one_cm":118315,"minecraft:crouch_one_cm":2191,"minecraft:deaths":1,"minecraft:play_time":18158,"minecraft:sneak_time":1232,"minecraft:walk_under_water_one_cm":1477,"minecraft:jump":516,"minecraft:leave_game":1,"minecraft:walk_on_water_one_cm":1666,"minecraft:time_since_death":3189,"minecraft:total_world_time":18158,"minecraft:fall_one_cm":17654},"minecraft:picked_up":{"minecraft:birch_log":8,"minecraft:stick":37,"minecraft:raw_iron":27,"minecraft:andesite":1,"minecraft:leather":7,"minecraft:stone_slab":2,"minecraft:dandelion":1,"minecraft:porkchop":8,"minecraft:oak_log":8,"minecraft:spruce_sapling":1,"minecraft:spruce_log":6,"minecraft:string":1,"minecraft:dirt":1,"minecraft:arrow":1,"minecraft:bone":2,"minecraft:rotten_flesh":2,"minecraft:wheat_seeds":1,"evilcraft:dark_gem":27,"minecraft:beef":11,"dynamictrees:birch_seed":4,"dynamictrees:oak_seed":9,"alexsmobs:maggot":2,"born_in_chaos_v1:fused_bone":2,"minecraft:coal":9,"iceandfire:raw_silver":16,"minecraft:cobblestone":50},"minecraft:mined":{"minecraft:large_fern":1,"iceandfire:silver_ore":16,"minecraft:iron_ore":27,"minecraft:spruce_log":6,"minecraft:andesite":1,"minecraft:dandelion":1,"evilcraft:dark_ore":6,"minecraft:grass":4,"minecraft:coal_ore":9,"minecraft:dirt":1,"minecraft:stone_slab":2,"dynamictrees:oak_sapling":1,"minecraft:tall_grass":1,"minecraft:stone":50,"minecraft:fern":1}},"DataVersion":3465}