{"stats":{"minecraft:custom":{"minecraft:mob_kills":100,"minecraft:interact_with_crafting_table":30,"minecraft:damage_dealt_resisted":1258,"minecraft:leave_game":9,"minecraft:time_since_death":23947,"minecraft:climb_one_cm":418,"minecraft:sprint_one_cm":379401,"minecraft:walk_one_cm":378552,"minecraft:damage_blocked_by_shield":1380,"minecraft:drop":92,"minecraft:talked_to_villager":1,"minecraft:play_time":128747,"minecraft:deaths":5,"minecraft:sneak_time":2210,"minecraft:walk_under_water_one_cm":6085,"minecraft:jump":2475,"minecraft:walk_on_water_one_cm":5009,"minecraft:total_world_time":128747,"minecraft:interact_with_furnace":19,"minecraft:interact_with_stonecutter":1,"minecraft:time_since_rest":23969,"minecraft:damage_taken":4775,"minecraft:damage_dealt":16733,"minecraft:player_kills":1,"minecraft:swim_one_cm":9761,"minecraft:fly_one_cm":487308,"minecraft:open_chest":48,"minecraft:crouch_one_cm":4511,"minecraft:fall_one_cm":104755},"minecraft:crafted":{"minecraft:oak_planks":80,"aether:iron_ring":1,"minecraft:furnace":1,"minecraft:diamond_helmet":1,"minecraft:diamond_leggings":1,"born_in_chaos_v1:fried_maggot":6,"minecraft:stone_pickaxe":1,"minecraft:wheat":162,"minecraft:crafting_table":3,"minecraft:baked_potato":26,"minecraft:wooden_pickaxe":1,"minecraft:stone_axe":1,"minecraft:bread":54,"minecraft:air":0,"minecraft:diamond_pickaxe":1,"minecraft:shield":1,"minecraft:stick":16,"minecraft:iron_ingot":8,"minecraft:iron_pickaxe":1,"minecraft:diamond_chestplate":1},"minecraft:killed":{"alexsmobs:hummingbird":2,"minecraft:cave_spider":2,"born_in_chaos_v1:restless_spirit":2,"born_in_chaos_v1:zombie_lumberjack":1,"minecraft:spider":3,"minecraft:zombie_horse":2,"born_in_chaos_v1:zombie_bruiser":3,"quark:forgotten":1,"born_in_chaos_v1:baby_skeleton_minion":2,"born_in_chaos_v1:maggot":14,"minecraft:skeleton":6,"mowziesmobs:ferrous_wroughtnaut":1,"enderzoology:infested_zombie":1,"born_in_chaos_v1:skeleton_thrasher":1,"born_in_chaos_v1:spiritof_chaos":1,"born_in_chaos_v1:baby_skeleton":3,"born_in_chaos_v1:swarmer":2,"minecraft:bat":2,"minecraft:creeper":2,"born_in_chaos_v1:decrepit_skeleton":3,"minecraft:zombie":34,"born_in_chaos_v1:dread_hound":1,"born_in_chaos_v1:corpse_fly":7,"mca:male_villager":1,"minecraft:enderman":1},"minecraft:killed_by":{"minecraft:player":2,"minecraft:creeper":1,"born_in_chaos_v1:zombie_lumberjack":1,"mowziesmobs:ferrous_wroughtnaut":1},"minecraft:used":{"minecraft:shield":12,"minecraft:iron_sword":217,"minecraft:dirt":7,"minecraft:carrot":12,"minecraft:honey_bottle":2,"minecraft:iron_boots":1,"minecraft:stone_brick_stairs":4,"minecraft:stone_bricks":5,"minecraft:bow":14,"iceandfire:chared_stone":3,"minecraft:furnace":2,"minecraft:beetroot_seeds":1,"minecraft:skeleton_skull":1,"minecraft:potato":2,"minecraft:cobbled_deepslate":13,"minecraft:mossy_stone_bricks":2,"minecraft:stone_pickaxe":66,"minecraft:polished_andesite":2,"minecraft:baked_potato":26,"minecraft:oak_planks":16,"minecraft:wooden_pickaxe":3,"minecraft:cracked_stone_bricks":1,"minecraft:glow_berries":3,"minecraft:crafting_table":6,"mowziesmobs:wrought_axe":38,"minecraft:redstone_torch":1,"minecraft:diamond_pickaxe":34,"minecraft:apple":10,"born_in_chaos_v1:monster_flesh":1,"minecraft:bread":31,"minecraft:iron_pickaxe":94,"minecraft:gravel":1,"iceandfire:chared_cobblestone":3,"minecraft:stone_axe":60,"minecraft:andesite":3,"minecraft:candle":4},"minecraft:dropped":{"minecraft:bread":54,"minecraft:iron_sword":1,"minecraft:wheat_seeds":3,"minecraft:oak_log":4,"born_in_chaos_v1:fried_maggot":6,"minecraft:spore_blossom":1,"minecraft:orange_tulip":2,"minecraft:iron_helmet":1,"minecraft:cracked_stone_bricks":1,"minecraft:music_disc_13":1,"minecraft:stick":4,"minecraft:polished_andesite":1,"minecraft:flint":3,"minecraft:dirt":25,"born_in_chaos_v1:gnawed_bones":1,"mca:book_romance":7,"minecraft:cornflower":2,"minecraft:diamond_helmet":1,"minecraft:iron_leggings":1,"gravestone:obituary":1,"minecraft:gold_nugget":1,"minecraft:iron_pickaxe":3,"minecraft:iron_shovel":3,"minecraft:bone":36,"minecraft:redstone":9,"minecraft:gravel":1,"minecraft:white_tulip":4,"minecraft:furnace":1,"minecraft:stone_axe":1,"minecraft:polished_andesite_slab":1,"minecraft:coarse_dirt":14,"alexsmobs:animal_dictionary":1,"minecraft:smooth_stone_slab":2,"minecraft:raw_iron":32,"minecraft:wheat":34,"minecraft:rotten_flesh":46,"minecraft:clay_ball":48,"minecraft:oak_planks":6,"minecraft:iron_boots":1,"minecraft:spruce_fence":2,"minecraft:carrot":1,"evilcraft:flesh_humanoid":3,"minecraft:chainmail_chestplate":1,"minecraft:big_dripleaf":2,"minecraft:skeleton_skull":1,"minecraft:leather_boots":1,"born_in_chaos_v1:corpse_maggot":11,"minecraft:azalea":1,"minecraft:oak_sapling":1,"minecraft:chainmail_boots":1,"minecraft:redstone_torch":2,"minecraft:stone_bricks":9,"minecraft:wooden_pickaxe":2,"minecraft:stone_pickaxe":2,"minecraft:red_tulip":1},"minecraft:broken":{"minecraft:shield":1},"minecraft:picked_up":{"minecraft:crafting_table":4,"minecraft:coarse_dirt":14,"minecraft:wheat":34,"minecraft:clay_ball":48,"born_in_chaos_v1:seedof_chaos":2,"aether:iron_gloves":1,"minecraft:wooden_pickaxe":1,"minecraft:stone_brick_stairs":4,"gravestone:obituary":1,"minecraft:shield":1,"minecraft:cornflower":2,"minecraft:string":36,"minecraft:raw_copper":15,"minecraft:smooth_stone_slab":2,"minecraft:iron_leggings":1,"minecraft:iron_shovel":3,"minecraft:cracked_stone_bricks":2,"minecraft:gold_nugget":34,"minecraft:cobbled_deepslate":14,"minecraft:candle":4,"minecraft:white_tulip":4,"minecraft:redstone_torch":1,"born_in_chaos_v1:gnawed_bones":1,"minecraft:azalea":1,"minecraft:iron_pickaxe":3,"minecraft:furnace":3,"minecraft:iron_boots":2,"minecraft:raw_iron":49,"minecraft:copper_ingot":18,"minecraft:big_dripleaf":2,"minecraft:spruce_fence":2,"minecraft:carrot":10,"minecraft:tnt":2,"minecraft:arrow":16,"minecraft:rotten_flesh":43,"minecraft:beetroot_seeds":1,"minecraft:hay_block":18,"minecraft:red_tulip":1,"minecraft:pink_tulip":2,"minecraft:glow_berries":2,"minecraft:bone_block":12,"minecraft:skeleton_skull":2,"minecraft:cobblestone":30,"born_in_chaos_v1:corpse_maggot":21,"born_in_chaos_v1:monster_flesh":3,"born_in_chaos_v1:spiritual_dust":1,"minecraft:andesite":9,"minecraft:potato":8,"minecraft:flint":3,"evilcraft:flesh_humanoid":3,"minecraft:oak_log":24,"minecraft:chainmail_chestplate":1,"minecraft:gunpowder":20,"mowziesmobs:wrought_axe":1,"mca:book_romance":5,"minecraft:dirt":36,"quark:forgotten_hat":1,"minecraft:name_tag":1,"born_in_chaos_v1:monster_skin":4,"minecraft:leather_boots":1,"minecraft:bone":51,"minecraft:stone_bricks":14,"minecraft:bow":1,"minecraft:wheat_seeds":4,"minecraft:orange_tulip":1,"minecraft:raw_gold":12,"minecraft:spore_blossom":1,"minecraft:stone_pickaxe":1,"minecraft:iron_ingot":1,"travelersbackpack:bee":1,"minecraft:mossy_stone_bricks":2,"minecraft:glass_bottle":1,"minecraft:polished_andesite_slab":1,"minecraft:iron_sword":2,"minecraft:oak_planks":71,"minecraft:book":2,"iceandfire:chared_stone":3,"minecraft:music_disc_13":2,"born_in_chaos_v1:ethereal_spirit":2,"minecraft:gravel":3,"iceandfire:chared_cobblestone":3,"minecraft:polished_andesite":3,"minecraft:slime_ball":4,"minecraft:diamond":26,"minecraft:stone_axe":1,"minecraft:iron_helmet":1,"evilcraft:dark_gem":22,"minecraft:bread":84,"minecraft:emerald":9,"minecraft:baked_potato":16,"minecraft:coal":49,"iceandfire:raw_silver":12,"minecraft:ender_pearl":1},"minecraft:mined":{"iceandfire:silver_ore":4,"minecraft:deepslate_diamond_ore":26,"gravestone:gravestone":3,"minecraft:grass_block":2,"iceandfire:deepslate_silver_ore":7,"minecraft:hay_block":18,"minecraft:spore_blossom":1,"minecraft:furnace":2,"minecraft:carrots":4,"minecraft:iron_ore":35,"minecraft:cobbled_deepslate":2,"minecraft:andesite":4,"evilcraft:dark_ore":5,"minecraft:red_tulip":1,"minecraft:potatoes":2,"iceandfire:gold_pile":5,"minecraft:cave_vines":2,"minecraft:deepslate_iron_ore":4,"minecraft:stone":9,"iceandfire:chared_cobblestone":5,"minecraft:dandelion":2,"minecraft:crafting_table":4,"minecraft:cornflower":3,"minecraft:emerald_ore":1,"minecraft:tall_grass":10,"minecraft:cobblestone":16,"minecraft:deepslate_gold_ore":4,"minecraft:oak_planks":7,"mca:cross_headstone":1,"minecraft:skeleton_skull":1,"evilcraft:dark_ore_deepslate":1,"minecraft:redstone_torch":1,"minecraft:orange_tulip":1,"minecraft:stone_brick_stairs":3,"minecraft:grass":47,"minecraft:oak_log":21,"minecraft:coal_ore":24,"minecraft:beetroots":1,"minecraft:gravel":3,"minecraft:dirt":8,"minecraft:cobweb":3,"minecraft:cracked_stone_bricks":1,"minecraft:polished_andesite":4,"minecraft:stone_bricks":12,"minecraft:mossy_stone_bricks":2,"iceandfire:chared_stone":4,"minecraft:deepslate":15,"minecraft:suspicious_gravel":2}},"DataVersion":3465}