{"stats":{"minecraft:mined":{"gravestone:gravestone":1,"minecraft:hay_block":18,"minecraft:spore_blossom":1,"minecraft:carrots":4,"minecraft:iron_ore":8,"minecraft:andesite":1,"minecraft:red_tulip":1,"minecraft:potatoes":2,"minecraft:cave_vines":2,"minecraft:stone":6,"minecraft:dandelion":2,"minecraft:crafting_table":2,"minecraft:cornflower":2,"minecraft:tall_grass":5,"minecraft:cobblestone":16,"minecraft:oak_planks":3,"mca:cross_headstone":1,"minecraft:skeleton_skull":1,"minecraft:redstone_torch":1,"minecraft:orange_tulip":1,"minecraft:stone_brick_stairs":3,"minecraft:grass":36,"minecraft:coal_ore":11,"minecraft:oak_log":21,"minecraft:beetroots":1,"minecraft:dirt":8,"minecraft:gravel":1,"minecraft:cobweb":3,"minecraft:cracked_stone_bricks":1,"minecraft:polished_andesite":4,"minecraft:stone_bricks":12,"minecraft:mossy_stone_bricks":2,"minecraft:suspicious_gravel":2},"minecraft:dropped":{"minecraft:iron_sword":1,"minecraft:wheat_seeds":1,"minecraft:spore_blossom":1,"minecraft:orange_tulip":2,"minecraft:cracked_stone_bricks":1,"minecraft:stick":2,"minecraft:polished_andesite":1,"minecraft:music_disc_13":1,"minecraft:flint":1,"mca:book_romance":7,"minecraft:cornflower":2,"minecraft:gold_nugget":1,"minecraft:iron_shovel":1,"minecraft:gravel":1,"minecraft:white_tulip":2,"minecraft:polished_andesite_slab":1,"minecraft:coarse_dirt":14,"alexsmobs:animal_dictionary":1,"minecraft:smooth_stone_slab":2,"minecraft:rotten_flesh":45,"minecraft:clay_ball":48,"minecraft:big_dripleaf":2,"minecraft:skeleton_skull":1,"born_in_chaos_v1:corpse_maggot":6,"minecraft:oak_sapling":1,"minecraft:azalea":1,"minecraft:chainmail_boots":1,"minecraft:redstone_torch":2,"minecraft:stone_bricks":4,"minecraft:stone_pickaxe":1,"minecraft:wooden_pickaxe":1,"minecraft:red_tulip":1},"minecraft:killed_by":{"born_in_chaos_v1:zombie_lumberjack":1},"minecraft:used":{"minecraft:shield":9,"minecraft:iron_sword":73,"minecraft:dirt":7,"minecraft:carrot":12,"minecraft:iron_boots":1,"minecraft:stone_brick_stairs":4,"minecraft:stone_bricks":5,"minecraft:bow":6,"minecraft:furnace":1,"minecraft:beetroot_seeds":1,"minecraft:skeleton_skull":1,"minecraft:potato":2,"minecraft:mossy_stone_bricks":2,"minecraft:polished_andesite":2,"minecraft:stone_pickaxe":66,"minecraft:baked_potato":2,"minecraft:oak_planks":6,"minecraft:wooden_pickaxe":3,"minecraft:cracked_stone_bricks":1,"minecraft:glow_berries":3,"minecraft:crafting_table":4,"minecraft:redstone_torch":1,"minecraft:apple":10,"minecraft:bread":11,"minecraft:stone_axe":59,"minecraft:andesite":1,"minecraft:candle":4},"minecraft:crafted":{"minecraft:oak_planks":80,"minecraft:furnace":1,"born_in_chaos_v1:fried_maggot":6,"minecraft:stone_pickaxe":1,"minecraft:wheat":162,"minecraft:crafting_table":2,"minecraft:wooden_pickaxe":1,"minecraft:baked_potato":26,"minecraft:stone_axe":1,"minecraft:air":0,"minecraft:shield":1,"minecraft:iron_pickaxe":1,"minecraft:stick":12,"minecraft:iron_ingot":8},"minecraft:killed":{"alexsmobs:hummingbird":2,"born_in_chaos_v1:restless_spirit":2,"born_in_chaos_v1:zombie_lumberjack":1,"minecraft:spider":2,"minecraft:zombie_horse":2,"born_in_chaos_v1:zombie_bruiser":2,"born_in_chaos_v1:maggot":10,"minecraft:skeleton":2,"enderzoology:infested_zombie":1,"born_in_chaos_v1:swarmer":2,"minecraft:creeper":1,"minecraft:zombie":13,"born_in_chaos_v1:corpse_fly":7,"mca:male_villager":1,"minecraft:enderman":1},"minecraft:custom":{"minecraft:mob_kills":50,"minecraft:interact_with_crafting_table":20,"minecraft:damage_dealt_resisted":144,"minecraft:leave_game":6,"minecraft:time_since_death":60857,"minecraft:climb_one_cm":418,"minecraft:sprint_one_cm":180062,"minecraft:walk_one_cm":188929,"minecraft:damage_blocked_by_shield":870,"minecraft:drop":45,"minecraft:talked_to_villager":1,"minecraft:play_time":81140,"minecraft:deaths":1,"minecraft:sneak_time":586,"minecraft:walk_under_water_one_cm":202,"minecraft:jump":972,"minecraft:walk_on_water_one_cm":640,"minecraft:total_world_time":81140,"minecraft:interact_with_furnace":16,"minecraft:interact_with_stonecutter":1,"minecraft:time_since_rest":60882,"minecraft:damage_taken":1234,"minecraft:damage_dealt":9464,"minecraft:player_kills":1,"minecraft:swim_one_cm":42,"minecraft:fly_one_cm":186432,"minecraft:open_chest":43,"minecraft:crouch_one_cm":1709,"minecraft:fall_one_cm":31548},"minecraft:picked_up":{"minecraft:crafting_table":2,"minecraft:coarse_dirt":14,"minecraft:clay_ball":48,"minecraft:stone_brick_stairs":4,"minecraft:cornflower":2,"minecraft:string":10,"minecraft:smooth_stone_slab":2,"minecraft:iron_shovel":1,"minecraft:cracked_stone_bricks":2,"minecraft:candle":4,"minecraft:white_tulip":3,"minecraft:redstone_torch":1,"minecraft:azalea":1,"minecraft:raw_iron":8,"minecraft:big_dripleaf":2,"minecraft:carrot":9,"minecraft:arrow":3,"minecraft:rotten_flesh":23,"minecraft:beetroot_seeds":1,"minecraft:hay_block":18,"minecraft:red_tulip":1,"minecraft:glow_berries":2,"minecraft:skeleton_skull":2,"minecraft:cobblestone":27,"born_in_chaos_v1:corpse_maggot":12,"minecraft:andesite":1,"minecraft:potato":8,"minecraft:flint":2,"minecraft:oak_log":22,"minecraft:gunpowder":1,"mca:book_romance":4,"minecraft:dirt":32,"minecraft:bone":5,"minecraft:stone_bricks":14,"minecraft:wheat_seeds":1,"minecraft:orange_tulip":1,"minecraft:spore_blossom":1,"minecraft:stone_pickaxe":1,"minecraft:iron_ingot":1,"minecraft:mossy_stone_bricks":2,"minecraft:polished_andesite_slab":1,"minecraft:oak_planks":3,"minecraft:iron_sword":1,"minecraft:music_disc_13":1,"born_in_chaos_v1:ethereal_spirit":2,"minecraft:gravel":1,"minecraft:polished_andesite":3,"minecraft:slime_ball":2,"minecraft:coal":11,"minecraft:ender_pearl":1}},"DataVersion":3465}