{"stats":{"minecraft:mined":{"gravestone:gravestone":1,"minecraft:grass":18,"minecraft:beetroots":1,"minecraft:tall_grass":1,"minecraft:orange_tulip":1,"minecraft:cornflower":2},"minecraft:killed_by":{"born_in_chaos_v1:zombie_lumberjack":1},"minecraft:used":{"minecraft:beetroot_seeds":1,"minecraft:oak_planks":1,"minecraft:potato":2},"minecraft:killed":{"alexsmobs:hummingbird":2},"minecraft:custom":{"minecraft:time_since_rest":18882,"minecraft:open_chest":3,"minecraft:crouch_one_cm":192,"minecraft:sprint_one_cm":36166,"minecraft:play_time":39140,"minecraft:damage_taken":399,"minecraft:deaths":1,"minecraft:walk_one_cm":49679,"minecraft:sneak_time":19,"minecraft:mob_kills":2,"minecraft:jump":344,"minecraft:damage_dealt":445,"minecraft:leave_game":6,"minecraft:time_since_death":18857,"minecraft:total_world_time":39140,"minecraft:player_kills":1,"minecraft:fall_one_cm":12131,"minecraft:fly_one_cm":62210},"minecraft:picked_up":{"minecraft:beetroot_seeds":1,"minecraft:orange_tulip":1,"minecraft:wheat_seeds":1,"minecraft:red_tulip":1,"minecraft:cornflower":2,"minecraft:dirt":22}},"DataVersion":3465}