{"stats":{"minecraft:custom":{"minecraft:mob_kills":84,"minecraft:interact_with_crafting_table":28,"minecraft:damage_dealt_resisted":635,"minecraft:leave_game":9,"minecraft:time_since_death":11947,"minecraft:climb_one_cm":418,"minecraft:sprint_one_cm":325889,"minecraft:walk_one_cm":317628,"minecraft:damage_blocked_by_shield":1380,"minecraft:drop":76,"minecraft:talked_to_villager":1,"minecraft:play_time":116747,"minecraft:deaths":5,"minecraft:sneak_time":1764,"minecraft:walk_under_water_one_cm":6085,"minecraft:jump":1910,"minecraft:walk_on_water_one_cm":4848,"minecraft:total_world_time":116747,"minecraft:interact_with_furnace":19,"minecraft:interact_with_stonecutter":1,"minecraft:time_since_rest":11969,"minecraft:damage_taken":4306,"minecraft:damage_dealt":14602,"minecraft:player_kills":1,"minecraft:swim_one_cm":9761,"minecraft:fly_one_cm":354407,"minecraft:open_chest":43,"minecraft:crouch_one_cm":3894,"minecraft:fall_one_cm":85348},"minecraft:crafted":{"minecraft:oak_planks":80,"aether:iron_ring":1,"minecraft:furnace":1,"born_in_chaos_v1:fried_maggot":6,"minecraft:stone_pickaxe":1,"minecraft:wheat":162,"minecraft:crafting_table":2,"minecraft:baked_potato":26,"minecraft:wooden_pickaxe":1,"minecraft:stone_axe":1,"minecraft:bread":54,"minecraft:air":0,"minecraft:shield":1,"minecraft:stick":12,"minecraft:iron_ingot":8,"minecraft:iron_pickaxe":1},"minecraft:killed":{"alexsmobs:hummingbird":2,"minecraft:cave_spider":2,"born_in_chaos_v1:restless_spirit":2,"born_in_chaos_v1:zombie_lumberjack":1,"minecraft:spider":3,"minecraft:zombie_horse":2,"born_in_chaos_v1:zombie_bruiser":2,"born_in_chaos_v1:maggot":14,"minecraft:skeleton":4,"mowziesmobs:ferrous_wroughtnaut":1,"enderzoology:infested_zombie":1,"born_in_chaos_v1:skeleton_thrasher":1,"born_in_chaos_v1:baby_skeleton":3,"born_in_chaos_v1:swarmer":2,"minecraft:creeper":2,"minecraft:zombie":30,"born_in_chaos_v1:dread_hound":1,"born_in_chaos_v1:corpse_fly":7,"mca:male_villager":1,"minecraft:enderman":1},"minecraft:killed_by":{"minecraft:player":2,"minecraft:creeper":1,"born_in_chaos_v1:zombie_lumberjack":1,"mowziesmobs:ferrous_wroughtnaut":1},"minecraft:used":{"minecraft:shield":12,"minecraft:iron_sword":112,"minecraft:dirt":7,"minecraft:carrot":12,"minecraft:honey_bottle":2,"minecraft:iron_boots":1,"minecraft:stone_brick_stairs":4,"minecraft:stone_bricks":5,"minecraft:bow":9,"minecraft:furnace":2,"minecraft:beetroot_seeds":1,"minecraft:skeleton_skull":1,"minecraft:potato":2,"minecraft:cobbled_deepslate":4,"minecraft:mossy_stone_bricks":2,"minecraft:stone_pickaxe":66,"minecraft:polished_andesite":2,"minecraft:baked_potato":25,"minecraft:oak_planks":6,"minecraft:wooden_pickaxe":3,"minecraft:cracked_stone_bricks":1,"minecraft:glow_berries":3,"minecraft:crafting_table":5,"mowziesmobs:wrought_axe":15,"minecraft:redstone_torch":1,"minecraft:apple":10,"born_in_chaos_v1:monster_flesh":1,"minecraft:bread":17,"minecraft:iron_pickaxe":86,"minecraft:stone_axe":60,"minecraft:andesite":3,"minecraft:candle":4},"minecraft:dropped":{"minecraft:bread":54,"minecraft:iron_sword":1,"minecraft:wheat_seeds":2,"minecraft:oak_log":4,"born_in_chaos_v1:fried_maggot":6,"minecraft:spore_blossom":1,"minecraft:orange_tulip":2,"minecraft:cracked_stone_bricks":1,"minecraft:music_disc_13":1,"minecraft:stick":4,"minecraft:polished_andesite":1,"minecraft:flint":3,"minecraft:dirt":25,"born_in_chaos_v1:gnawed_bones":1,"mca:book_romance":7,"minecraft:cornflower":2,"gravestone:obituary":1,"minecraft:gold_nugget":1,"minecraft:iron_shovel":1,"minecraft:bone":36,"minecraft:redstone":9,"minecraft:gravel":1,"minecraft:white_tulip":4,"minecraft:polished_andesite_slab":1,"minecraft:coarse_dirt":14,"alexsmobs:animal_dictionary":1,"minecraft:smooth_stone_slab":2,"minecraft:wheat":34,"minecraft:rotten_flesh":46,"minecraft:clay_ball":48,"minecraft:oak_planks":6,"minecraft:spruce_fence":2,"evilcraft:flesh_humanoid":3,"minecraft:big_dripleaf":2,"minecraft:skeleton_skull":1,"born_in_chaos_v1:corpse_maggot":11,"minecraft:azalea":1,"minecraft:oak_sapling":1,"minecraft:chainmail_boots":1,"minecraft:redstone_torch":2,"minecraft:stone_bricks":9,"minecraft:wooden_pickaxe":2,"minecraft:stone_pickaxe":2,"minecraft:red_tulip":1},"minecraft:broken":{"minecraft:shield":1},"minecraft:picked_up":{"minecraft:crafting_table":3,"minecraft:coarse_dirt":14,"minecraft:wheat":34,"minecraft:clay_ball":48,"minecraft:wooden_pickaxe":1,"minecraft:stone_brick_stairs":4,"gravestone:obituary":1,"minecraft:shield":1,"minecraft:cornflower":2,"minecraft:string":34,"minecraft:raw_copper":15,"minecraft:smooth_stone_slab":2,"minecraft:iron_leggings":1,"minecraft:iron_shovel":1,"minecraft:cracked_stone_bricks":2,"minecraft:cobbled_deepslate":4,"minecraft:candle":4,"minecraft:white_tulip":4,"minecraft:redstone_torch":1,"born_in_chaos_v1:gnawed_bones":1,"minecraft:azalea":1,"minecraft:iron_pickaxe":1,"minecraft:furnace":3,"minecraft:iron_boots":1,"minecraft:raw_iron":44,"minecraft:copper_ingot":18,"minecraft:big_dripleaf":2,"minecraft:spruce_fence":2,"minecraft:carrot":9,"minecraft:tnt":2,"minecraft:arrow":4,"minecraft:rotten_flesh":38,"minecraft:beetroot_seeds":1,"minecraft:hay_block":18,"minecraft:red_tulip":1,"minecraft:pink_tulip":2,"minecraft:glow_berries":2,"minecraft:skeleton_skull":2,"minecraft:cobblestone":30,"born_in_chaos_v1:corpse_maggot":21,"born_in_chaos_v1:monster_flesh":2,"minecraft:andesite":9,"minecraft:potato":8,"minecraft:flint":3,"evilcraft:flesh_humanoid":3,"minecraft:oak_log":24,"minecraft:chainmail_chestplate":1,"minecraft:gunpowder":20,"mowziesmobs:wrought_axe":1,"mca:book_romance":5,"minecraft:dirt":36,"minecraft:name_tag":1,"born_in_chaos_v1:monster_skin":4,"minecraft:bone":43,"minecraft:stone_bricks":14,"minecraft:bow":1,"minecraft:wheat_seeds":3,"minecraft:orange_tulip":1,"minecraft:raw_gold":9,"minecraft:spore_blossom":1,"minecraft:stone_pickaxe":1,"minecraft:iron_ingot":1,"travelersbackpack:bee":1,"minecraft:mossy_stone_bricks":2,"minecraft:glass_bottle":1,"minecraft:polished_andesite_slab":1,"minecraft:iron_sword":2,"minecraft:oak_planks":67,"minecraft:music_disc_13":2,"born_in_chaos_v1:ethereal_spirit":2,"minecraft:gravel":1,"minecraft:polished_andesite":3,"minecraft:slime_ball":4,"minecraft:diamond":23,"minecraft:stone_axe":1,"minecraft:iron_helmet":1,"evilcraft:dark_gem":18,"minecraft:bread":84,"minecraft:emerald":8,"minecraft:baked_potato":16,"minecraft:coal":49,"iceandfire:raw_silver":6,"minecraft:ender_pearl":1},"minecraft:mined":{"iceandfire:silver_ore":2,"minecraft:deepslate_diamond_ore":23,"gravestone:gravestone":3,"minecraft:grass_block":2,"iceandfire:deepslate_silver_ore":3,"minecraft:hay_block":18,"minecraft:spore_blossom":1,"minecraft:furnace":2,"minecraft:carrots":4,"minecraft:iron_ore":35,"minecraft:andesite":4,"evilcraft:dark_ore":5,"minecraft:red_tulip":1,"minecraft:potatoes":2,"minecraft:cave_vines":2,"minecraft:stone":9,"minecraft:dandelion":2,"minecraft:crafting_table":3,"minecraft:cornflower":3,"minecraft:tall_grass":10,"minecraft:cobblestone":16,"minecraft:deepslate_gold_ore":1,"minecraft:oak_planks":3,"mca:cross_headstone":1,"minecraft:skeleton_skull":1,"minecraft:redstone_torch":1,"minecraft:orange_tulip":1,"minecraft:stone_brick_stairs":3,"minecraft:grass":47,"minecraft:oak_log":21,"minecraft:coal_ore":24,"minecraft:beetroots":1,"minecraft:gravel":1,"minecraft:dirt":8,"minecraft:cobweb":3,"minecraft:cracked_stone_bricks":1,"minecraft:polished_andesite":4,"minecraft:stone_bricks":12,"minecraft:mossy_stone_bricks":2,"minecraft:deepslate":4,"minecraft:suspicious_gravel":2}},"DataVersion":3465}