{"stats":{"minecraft:custom":{"minecraft:interact_with_crafting_table":40,"minecraft:open_barrel":15,"minecraft:leave_game":9,"minecraft:time_since_death":20,"minecraft:sprint_one_cm":602438,"minecraft:damage_blocked_by_shield":1530,"minecraft:drop":131,"minecraft:talked_to_villager":1,"minecraft:play_time":164747,"minecraft:deaths":9,"minecraft:jump":4285,"minecraft:walk_on_water_one_cm":21110,"minecraft:interact_with_furnace":38,"minecraft:open_enderchest":1,"minecraft:damage_dealt":20041,"minecraft:player_kills":1,"minecraft:crouch_one_cm":6961,"minecraft:mob_kills":124,"minecraft:damage_dealt_resisted":1302,"minecraft:climb_one_cm":4155,"minecraft:walk_one_cm":545263,"minecraft:sneak_time":2991,"minecraft:walk_under_water_one_cm":16323,"minecraft:total_world_time":164747,"minecraft:interact_with_stonecutter":1,"minecraft:time_since_rest":69,"minecraft:damage_taken":7603,"minecraft:trigger_trapped_chest":4,"minecraft:swim_one_cm":44445,"minecraft:fly_one_cm":880401,"minecraft:open_chest":67,"minecraft:fall_one_cm":167498},"minecraft:crafted":{"minecraft:oak_planks":116,"aether:iron_ring":1,"quark:sturdy_stone":2,"iceandfire:silver_shovel":1,"minecraft:diamond_helmet":2,"minecraft:diamond_leggings":1,"minecraft:cooked_porkchop":11,"minecraft:crafting_table":7,"minecraft:wooden_pickaxe":1,"minecraft:baked_potato":26,"minecraft:diamond_pickaxe":1,"minecraft:shield":2,"minecraft:iron_pickaxe":1,"minecraft:stick":20,"minecraft:iron_ingot":17,"minecraft:furnace":3,"born_in_chaos_v1:fried_maggot":6,"minecraft:stone_pickaxe":1,"minecraft:dark_oak_planks":8,"minecraft:wheat":162,"minecraft:stone_axe":1,"minecraft:bread":54,"minecraft:air":0,"minecraft:diamond_chestplate":1},"minecraft:killed":{"alexsmobs:hummingbird":2,"minecraft:cave_spider":2,"born_in_chaos_v1:zombie_lumberjack":1,"born_in_chaos_v1:restless_spirit":2,"minecraft:spider":3,"minecraft:zombie_horse":2,"born_in_chaos_v1:baby_skeleton_minion":2,"quark:forgotten":1,"minecraft:skeleton":14,"enderzoology:infested_zombie":1,"born_in_chaos_v1:skeleton_thrasher":1,"minecraft:skeleton_horse":1,"minecraft:pig":3,"minecraft:creeper":2,"minecraft:sheep":1,"minecraft:pillager":3,"minecraft:zombie":34,"born_in_chaos_v1:dread_hound":2,"born_in_chaos_v1:corpse_fly":7,"mca:male_villager":1,"born_in_chaos_v1:door_knight":1,"minecraft:vindicator":1,"born_in_chaos_v1:zombie_bruiser":3,"born_in_chaos_v1:maggot":14,"mowziesmobs:ferrous_wroughtnaut":1,"born_in_chaos_v1:spiritof_chaos":1,"born_in_chaos_v1:baby_skeleton":3,"born_in_chaos_v1:swarmer":2,"minecraft:bat":2,"born_in_chaos_v1:decrepit_skeleton":3,"iceandfire:ghost":4,"minecraft:enderman":1},"minecraft:killed_by":{"minecraft:creeper":1,"iceandfire:stymphalian_bird":1,"minecraft:zombie":1,"iceandfire:fire_dragon":1,"minecraft:player":2,"born_in_chaos_v1:zombie_lumberjack":1,"iceandfire:hippogryph":1,"mowziesmobs:ferrous_wroughtnaut":1},"minecraft:used":{"minecraft:iron_shovel":11,"minecraft:ladder":1,"minecraft:shield":13,"minecraft:iron_sword":390,"minecraft:carrot":14,"minecraft:honey_bottle":2,"minecraft:stone_brick_stairs":4,"minecraft:stone_bricks":5,"minecraft:bow":18,"iceandfire:chared_stone":3,"minecraft:furnace":4,"minecraft:beetroot_seeds":1,"minecraft:skeleton_skull":1,"minecraft:potato":2,"minecraft:dark_oak_stairs":2,"minecraft:mossy_stone_bricks":2,"minecraft:oak_planks":42,"minecraft:stone_pickaxe":66,"minecraft:wooden_pickaxe":3,"minecraft:glow_berries":3,"travelersbackpack:bee":3,"minecraft:lightning_rod":1,"minecraft:redstone_torch":1,"born_in_chaos_v1:monster_flesh":1,"minecraft:bread":48,"minecraft:gravel":1,"iceandfire:chared_cobblestone":3,"minecraft:andesite":5,"minecraft:torch":1,"minecraft:dirt":7,"minecraft:iron_axe":6,"minecraft:iron_boots":1,"minecraft:golden_carrot":2,"minecraft:cobbled_deepslate":13,"born_in_chaos_v1:mint_ice_cream":1,"minecraft:pink_tulip":9,"minecraft:polished_andesite":2,"minecraft:baked_potato":26,"minecraft:cracked_stone_bricks":1,"minecraft:crafting_table":11,"mowziesmobs:wrought_axe":222,"minecraft:diamond_pickaxe":124,"minecraft:apple":15,"minecraft:iron_pickaxe":94,"minecraft:stone_axe":60,"minecraft:cooked_porkchop":11,"iceandfire:silver_shovel":11,"minecraft:candle":4},"minecraft:dropped":{"minecraft:iron_sword":2,"minecraft:oak_log":4,"born_in_chaos_v1:fried_maggot":6,"minecraft:spore_blossom":1,"minecraft:orange_tulip":2,"minecraft:glow_item_frame":2,"minecraft:cracked_stone_bricks":1,"minecraft:flint":3,"iceandfire:graveyard_soil":1,"minecraft:music_disc_13":1,"minecraft:emerald":1,"born_in_chaos_v1:monster_flesh":1,"minecraft:dirt":26,"minecraft:cornflower":2,"minecraft:mutton":1,"gravestone:obituary":1,"minecraft:gold_nugget":39,"minecraft:bone_block":12,"minecraft:iron_pickaxe":3,"minecraft:white_wool":1,"minecraft:bone":68,"minecraft:gravel":2,"minecraft:white_tulip":4,"minecraft:stone_axe":1,"minecraft:sugar_cane":14,"minecraft:lever":1,"minecraft:polished_andesite_slab":1,"alexsmobs:animal_dictionary":1,"minecraft:cobbled_deepslate":2,"minecraft:wheat":34,"minecraft:rotten_flesh":46,"minecraft:oak_planks":53,"iceandfire:silver_shovel":1,"evilcraft:flesh_humanoid":4,"minecraft:carrot":1,"minecraft:chainmail_chestplate":1,"minecraft:skeleton_skull":1,"born_in_chaos_v1:corpse_maggot":11,"minecraft:leather_boots":1,"minecraft:chainmail_boots":1,"minecraft:azalea":1,"minecraft:chest":1,"minecraft:bread":57,"minecraft:wheat_seeds":5,"minecraft:iron_helmet":3,"minecraft:cobblestone":1,"minecraft:granite":4,"minecraft:polished_andesite":1,"minecraft:stick":6,"born_in_chaos_v1:gnawed_bones":1,"mca:book_romance":7,"minecraft:diamond_helmet":1,"minecraft:iron_leggings":1,"ribbits:giant_lilypad":11,"minecraft:iron_shovel":4,"minecraft:redstone":9,"minecraft:furnace":1,"minecraft:coarse_dirt":14,"minecraft:smooth_stone_slab":2,"minecraft:raw_iron":33,"minecraft:clay_ball":48,"minecraft:iron_boots":1,"minecraft:name_tag":1,"minecraft:spruce_fence":2,"minecraft:big_dripleaf":2,"minecraft:allium":6,"aether:iron_gloves":2,"minecraft:andesite":16,"minecraft:oak_sapling":1,"minecraft:redstone_torch":2,"minecraft:stone_bricks":9,"minecraft:stone_pickaxe":2,"minecraft:wooden_pickaxe":2,"minecraft:red_tulip":1},"minecraft:broken":{"minecraft:iron_sword":1,"quark:forgotten_hat":1,"aether:iron_gloves":1,"minecraft:shield":1},"minecraft:picked_up":{"minecraft:wheat":34,"aether:iron_gloves":2,"minecraft:stone_brick_stairs":4,"minecraft:brewing_stand":1,"minecraft:string":36,"minecraft:raw_copper":15,"minecraft:smooth_stone_slab":2,"minecraft:iron_leggings":1,"minecraft:gold_nugget":34,"minecraft:cobbled_deepslate":15,"minecraft:white_tulip":4,"minecraft:redstone_torch":1,"minecraft:ender_eye":2,"minecraft:azalea":1,"minecraft:iron_pickaxe":3,"minecraft:iron_boots":2,"minecraft:furnace":3,"minecraft:big_dripleaf":2,"minecraft:torch":1,"minecraft:porkchop":6,"minecraft:lightning_rod":1,"minecraft:rotten_flesh":44,"minecraft:red_tulip":1,"minecraft:cobblestone":65,"born_in_chaos_v1:spiritual_dust":1,"minecraft:andesite":58,"minecraft:potato":8,"minecraft:flint":3,"evilcraft:flesh_humanoid":4,"minecraft:dirt":51,"minecraft:name_tag":1,"born_in_chaos_v1:monster_skin":5,"minecraft:leather_boots":1,"minecraft:bone":67,"minecraft:bow":1,"minecraft:orange_tulip":1,"minecraft:wheat_seeds":10,"minecraft:raw_gold":12,"travelersbackpack:bee":1,"minecraft:mossy_stone_bricks":2,"minecraft:oak_planks":73,"minecraft:music_disc_13":2,"iceandfire:chared_cobblestone":3,"minecraft:polished_andesite":3,"minecraft:diamond":26,"minecraft:lever":1,"minecraft:granite":4,"minecraft:emerald":13,"minecraft:bread":84,"iceandfire:raw_silver":14,"iceandfire:dragon_skull_lightning":1,"minecraft:coarse_dirt":14,"minecraft:crafting_table":4,"minecraft:allium":6,"minecraft:ladder":1,"minecraft:clay_ball":48,"born_in_chaos_v1:seedof_chaos":2,"minecraft:wooden_pickaxe":1,"gravestone:obituary":1,"minecraft:shield":1,"minecraft:cornflower":2,"minecraft:iron_shovel":4,"iceandfire:graveyard_soil":1,"minecraft:cracked_stone_bricks":2,"minecraft:candle":4,"minecraft:dark_prismarine_stairs":2,"born_in_chaos_v1:gnawed_bones":1,"minecraft:sugar_cane":14,"minecraft:chest":1,"minecraft:spruce_trapdoor":2,"minecraft:raw_iron":56,"iceandfire:dragonbone":21,"minecraft:glow_item_frame":2,"minecraft:copper_ingot":18,"minecraft:spruce_fence":2,"minecraft:carrot":11,"minecraft:dark_oak_planks":4,"minecraft:tnt":2,"minecraft:arrow":32,"minecraft:beetroot_seeds":1,"minecraft:hay_block":18,"minecraft:pink_tulip":11,"minecraft:glow_berries":2,"minecraft:mutton":1,"minecraft:skeleton_skull":2,"minecraft:bone_block":24,"minecraft:white_wool":1,"born_in_chaos_v1:corpse_maggot":21,"born_in_chaos_v1:monster_flesh":4,"minecraft:oak_log":33,"minecraft:chainmail_chestplate":1,"minecraft:gunpowder":20,"mowziesmobs:wrought_axe":1,"mca:book_romance":5,"quark:forgotten_hat":1,"minecraft:stone_bricks":14,"minecraft:spore_blossom":1,"minecraft:iron_ingot":1,"minecraft:stone_pickaxe":1,"minecraft:glass_bottle":1,"minecraft:polished_andesite_slab":1,"minecraft:dark_oak_stairs":2,"minecraft:iron_sword":3,"minecraft:book":2,"iceandfire:chared_stone":3,"born_in_chaos_v1:ethereal_spirit":2,"minecraft:gravel":3,"minecraft:green_carpet":1,"minecraft:slime_ball":4,"minecraft:stone_axe":1,"evilcraft:dark_gem":22,"minecraft:iron_helmet":2,"minecraft:baked_potato":16,"minecraft:dark_oak_wood":2,"minecraft:coal":51,"minecraft:ender_pearl":1},"minecraft:mined":{"minecraft:dark_oak_planks":5,"minecraft:dark_prismarine_stairs":2,"iceandfire:graveyard_soil":9,"minecraft:brewing_stand":1,"minecraft:spruce_trapdoor":2,"minecraft:granite":4,"minecraft:grass_block":3,"minecraft:spawner":2,"minecraft:iron_ore":42,"minecraft:cobbled_deepslate":2,"minecraft:dark_oak_stairs":2,"minecraft:red_tulip":1,"minecraft:cave_vines":2,"iceandfire:gold_pile":5,"minecraft:pink_tulip":1,"iceandfire:chared_cobblestone":5,"minecraft:dark_oak_wood":2,"minecraft:dead_bush":1,"minecraft:cobblestone":17,"minecraft:oak_planks":8,"minecraft:sugar_cane":6,"mca:cross_headstone":1,"minecraft:skeleton_skull":1,"evilcraft:dark_ore_deepslate":1,"minecraft:orange_tulip":1,"minecraft:stone_brick_stairs":3,"minecraft:grass":116,"minecraft:oak_log":30,"minecraft:beetroots":1,"minecraft:dirt":8,"minecraft:deepslate":16,"iceandfire:chared_stone":4,"minecraft:suspicious_gravel":2,"iceandfire:silver_ore":6,"minecraft:dark_oak_leaves":1,"minecraft:deepslate_diamond_ore":26,"gravestone:gravestone":3,"minecraft:allium":1,"iceandfire:deepslate_silver_ore":7,"minecraft:moss_block":1,"minecraft:hay_block":18,"minecraft:spore_blossom":1,"minecraft:furnace":2,"minecraft:carrots":4,"minecraft:andesite":34,"evilcraft:dark_ore":5,"minecraft:potatoes":2,"minecraft:deepslate_iron_ore":4,"minecraft:vine":3,"minecraft:stone":43,"minecraft:dandelion":3,"minecraft:crafting_table":4,"minecraft:cornflower":3,"minecraft:emerald_ore":4,"minecraft:rose_bush":1,"minecraft:lightning_rod":1,"minecraft:tall_grass":30,"minecraft:deepslate_gold_ore":4,"minecraft:redstone_torch":1,"minecraft:coal_ore":24,"minecraft:gravel":3,"minecraft:cobweb":3,"minecraft:cracked_stone_bricks":1,"minecraft:stone_bricks":12,"minecraft:polished_andesite":4,"minecraft:small_dripleaf":2,"minecraft:mossy_stone_bricks":2,"minecraft:fern":10}},"DataVersion":3465}