{"stats":{"minecraft:mined":{"minecraft:cornflower":2,"minecraft:crafting_table":2,"gravestone:gravestone":1,"minecraft:cobblestone":10,"minecraft:tall_grass":5,"minecraft:oak_planks":3,"minecraft:skeleton_skull":1,"minecraft:spore_blossom":1,"minecraft:carrots":4,"minecraft:iron_ore":8,"minecraft:redstone_torch":1,"minecraft:andesite":1,"minecraft:orange_tulip":1,"minecraft:potatoes":2,"minecraft:stone_brick_stairs":3,"minecraft:grass":28,"minecraft:oak_log":21,"minecraft:coal_ore":11,"minecraft:cave_vines":2,"minecraft:beetroots":1,"minecraft:gravel":1,"minecraft:dirt":8,"minecraft:cobweb":3,"minecraft:cracked_stone_bricks":1,"minecraft:stone":6,"minecraft:stone_bricks":12,"minecraft:polished_andesite":4,"minecraft:mossy_stone_bricks":2,"minecraft:suspicious_gravel":2},"minecraft:dropped":{"minecraft:gravel":1,"minecraft:iron_sword":1,"minecraft:wheat_seeds":1,"minecraft:polished_andesite_slab":1,"minecraft:coarse_dirt":14,"alexsmobs:animal_dictionary":1,"minecraft:smooth_stone_slab":2,"minecraft:spore_blossom":1,"minecraft:orange_tulip":2,"minecraft:rotten_flesh":45,"minecraft:clay_ball":48,"minecraft:cracked_stone_bricks":1,"minecraft:music_disc_13":1,"minecraft:polished_andesite":1,"minecraft:stick":2,"minecraft:big_dripleaf":2,"minecraft:skeleton_skull":1,"minecraft:cornflower":2,"born_in_chaos_v1:corpse_maggot":6,"minecraft:azalea":1,"minecraft:chainmail_boots":1,"minecraft:oak_sapling":1,"minecraft:gold_nugget":1,"minecraft:redstone_torch":2,"minecraft:stone_bricks":4,"minecraft:wooden_pickaxe":1,"minecraft:stone_pickaxe":1,"minecraft:red_tulip":1,"minecraft:iron_shovel":1},"minecraft:killed_by":{"born_in_chaos_v1:zombie_lumberjack":1},"minecraft:crafted":{"minecraft:oak_planks":80,"minecraft:crafting_table":2,"minecraft:wooden_pickaxe":1,"minecraft:furnace":1,"minecraft:stone_axe":1,"minecraft:shield":1,"minecraft:stick":8,"minecraft:stone_pickaxe":1},"minecraft:used":{"minecraft:mossy_stone_bricks":2,"minecraft:stone_pickaxe":59,"minecraft:polished_andesite":2,"minecraft:oak_planks":6,"minecraft:shield":9,"minecraft:wooden_pickaxe":3,"minecraft:iron_sword":72,"minecraft:cracked_stone_bricks":1,"minecraft:glow_berries":3,"minecraft:dirt":7,"minecraft:crafting_table":4,"minecraft:carrot":12,"minecraft:redstone_torch":1,"minecraft:apple":10,"minecraft:bread":11,"minecraft:iron_boots":1,"minecraft:stone_brick_stairs":4,"minecraft:stone_bricks":5,"minecraft:stone_axe":56,"minecraft:bow":2,"minecraft:furnace":1,"minecraft:beetroot_seeds":1,"minecraft:andesite":1,"minecraft:potato":2,"minecraft:candle":4},"minecraft:killed":{"alexsmobs:hummingbird":2,"born_in_chaos_v1:zombie_lumberjack":1,"born_in_chaos_v1:restless_spirit":2,"born_in_chaos_v1:swarmer":2,"minecraft:spider":2,"minecraft:zombie_horse":2,"minecraft:creeper":1,"born_in_chaos_v1:zombie_bruiser":2,"born_in_chaos_v1:maggot":10,"minecraft:skeleton":2,"minecraft:zombie":13,"born_in_chaos_v1:corpse_fly":7,"minecraft:enderman":1},"minecraft:custom":{"minecraft:interact_with_furnace":2,"minecraft:mob_kills":48,"minecraft:interact_with_crafting_table":15,"minecraft:damage_dealt_resisted":144,"minecraft:leave_game":6,"minecraft:time_since_death":48857,"minecraft:climb_one_cm":418,"minecraft:time_since_rest":48882,"minecraft:sprint_one_cm":155704,"minecraft:damage_taken":1224,"minecraft:walk_one_cm":163897,"minecraft:damage_blocked_by_shield":870,"minecraft:drop":35,"minecraft:damage_dealt":9063,"minecraft:talked_to_villager":1,"minecraft:fly_one_cm":142418,"minecraft:player_kills":1,"minecraft:open_chest":39,"minecraft:crouch_one_cm":1591,"minecraft:play_time":69140,"minecraft:deaths":1,"minecraft:sneak_time":516,"minecraft:jump":786,"minecraft:walk_on_water_one_cm":477,"minecraft:total_world_time":69140,"minecraft:fall_one_cm":26389},"minecraft:picked_up":{"born_in_chaos_v1:corpse_maggot":12,"minecraft:coarse_dirt":14,"minecraft:crafting_table":2,"minecraft:clay_ball":48,"minecraft:andesite":1,"minecraft:potato":8,"minecraft:flint":1,"minecraft:stone_brick_stairs":4,"minecraft:oak_log":21,"minecraft:gunpowder":1,"minecraft:string":10,"minecraft:cornflower":2,"minecraft:dirt":32,"minecraft:smooth_stone_slab":2,"minecraft:iron_shovel":1,"minecraft:bone":4,"minecraft:stone_bricks":14,"minecraft:cracked_stone_bricks":2,"minecraft:orange_tulip":1,"minecraft:wheat_seeds":1,"minecraft:candle":4,"minecraft:spore_blossom":1,"minecraft:iron_ingot":1,"minecraft:stone_pickaxe":1,"minecraft:redstone_torch":1,"minecraft:azalea":1,"minecraft:mossy_stone_bricks":2,"minecraft:polished_andesite_slab":1,"minecraft:iron_sword":1,"minecraft:oak_planks":3,"minecraft:raw_iron":8,"minecraft:music_disc_13":1,"minecraft:big_dripleaf":2,"born_in_chaos_v1:ethereal_spirit":2,"minecraft:gravel":1,"minecraft:carrot":9,"minecraft:polished_andesite":3,"minecraft:arrow":3,"minecraft:rotten_flesh":23,"minecraft:slime_ball":2,"minecraft:beetroot_seeds":1,"minecraft:red_tulip":1,"minecraft:glow_berries":2,"minecraft:coal":11,"minecraft:skeleton_skull":2,"minecraft:ender_pearl":1,"minecraft:cobblestone":16}},"DataVersion":3465}