{"stats":{"minecraft:mined":{"minecraft:iron_ore":8,"minecraft:andesite":1,"minecraft:orange_tulip":1,"minecraft:crafting_table":1,"minecraft:cornflower":2,"gravestone:gravestone":1,"minecraft:grass":24,"minecraft:coal_ore":11,"minecraft:oak_log":20,"minecraft:beetroots":1,"minecraft:dirt":7,"minecraft:tall_grass":1,"minecraft:stone":6},"minecraft:dropped":{"minecraft:stone_pickaxe":1},"minecraft:killed_by":{"born_in_chaos_v1:zombie_lumberjack":1},"minecraft:crafted":{"minecraft:crafting_table":2,"minecraft:stick":8,"minecraft:wooden_pickaxe":1,"minecraft:stone_pickaxe":1,"minecraft:stone_axe":1},"minecraft:used":{"minecraft:bread":5,"minecraft:stone_pickaxe":23,"minecraft:oak_planks":1,"minecraft:wooden_pickaxe":3,"minecraft:stone_axe":22,"minecraft:dirt":7,"minecraft:crafting_table":2,"minecraft:beetroot_seeds":1,"minecraft:potato":2},"minecraft:killed":{"alexsmobs:hummingbird":2},"minecraft:custom":{"minecraft:time_since_rest":30882,"minecraft:sprint_one_cm":54878,"minecraft:damage_taken":529,"minecraft:walk_one_cm":62510,"minecraft:mob_kills":2,"minecraft:drop":1,"minecraft:damage_dealt":481,"minecraft:talked_to_villager":1,"minecraft:interact_with_crafting_table":8,"minecraft:fly_one_cm":90146,"minecraft:player_kills":1,"minecraft:open_chest":4,"minecraft:crouch_one_cm":518,"minecraft:play_time":51140,"minecraft:deaths":1,"minecraft:sneak_time":255,"minecraft:jump":482,"minecraft:leave_game":6,"minecraft:time_since_death":30857,"minecraft:total_world_time":51140,"minecraft:fall_one_cm":19634},"minecraft:picked_up":{"minecraft:crafting_table":1,"minecraft:raw_iron":8,"minecraft:andesite":1,"minecraft:oak_log":20,"minecraft:dirt":29,"minecraft:cornflower":2,"minecraft:rotten_flesh":4,"minecraft:beetroot_seeds":1,"minecraft:wheat_seeds":1,"minecraft:orange_tulip":1,"minecraft:iron_ingot":1,"minecraft:red_tulip":1,"minecraft:stone_pickaxe":1,"minecraft:azalea":1,"minecraft:coal":11,"minecraft:cobblestone":6}},"DataVersion":3465}