{"stats":{"minecraft:crafted":{"minecraft:oak_planks":32,"iceandfire:silver_ingot":16,"minecraft:cooked_porkchop":8,"minecraft:crafting_table":2,"minecraft:spruce_planks":24,"minecraft:iron_helmet":1,"minecraft:wooden_pickaxe":1,"minecraft:furnace":4,"minecraft:stone_axe":1,"minecraft:air":0,"minecraft:iron_chestplate":1,"iceandfire:armor_silver_metal_leggings":1,"minecraft:iron_axe":1,"minecraft:stick":28,"minecraft:iron_ingot":27,"minecraft:iron_pickaxe":1,"minecraft:stone_pickaxe":1,"minecraft:wooden_axe":1,"iceandfire:armor_silver_metal_boots":1,"minecraft:torch":64,"minecraft:cooked_beef":5},"minecraft:killed":{"minecraft:pig":4,"minecraft:spider":2,"born_in_chaos_v1:decrepit_skeleton":1,"minecraft:skeleton":4,"minecraft:zombie":1,"enderzoology:infested_zombie":1,"alexsmobs:fly":1,"minecraft:skeleton_horse":2,"born_in_chaos_v1:siamese_skeletonsleft":1,"minecraft:cow":5,"born_in_chaos_v1:siamese_skeletons":1},"minecraft:killed_by":{"born_in_chaos_v1:dark_vortex":1},"minecraft:dropped":{"minecraft:wheat_seeds":1,"dynamictrees:oak_seed":1,"dynamictrees:birch_seed":4,"minecraft:spider_eye":1,"minecraft:wooden_pickaxe":1,"minecraft:dandelion":1},"minecraft:used":{"minecraft:stone_pickaxe":131,"minecraft:oak_planks":4,"minecraft:wooden_pickaxe":12,"dynamictrees:oak_seed":9,"minecraft:torch":9,"minecraft:dirt":1,"minecraft:crafting_table":2,"minecraft:wooden_axe":9,"minecraft:string":1,"minecraft:iron_pickaxe":8,"minecraft:stone_slab":2,"minecraft:spruce_sapling":1,"minecraft:stone_axe":46,"minecraft:cobblestone":18,"minecraft:furnace":5,"minecraft:cooked_beef":8},"minecraft:broken":{"minecraft:stone_pickaxe":1},"minecraft:custom":{"minecraft:interact_with_furnace":26,"minecraft:mob_kills":24,"minecraft:interact_with_crafting_table":20,"minecraft:leave_game":1,"minecraft:time_since_death":27189,"minecraft:time_since_rest":27212,"minecraft:sprint_one_cm":103672,"minecraft:damage_taken":730,"minecraft:walk_one_cm":73438,"minecraft:drop":6,"minecraft:damage_dealt":3590,"minecraft:swim_one_cm":4881,"minecraft:fly_one_cm":237429,"minecraft:crouch_one_cm":2308,"minecraft:play_time":42158,"minecraft:deaths":1,"minecraft:sneak_time":1290,"minecraft:walk_under_water_one_cm":2720,"minecraft:jump":1007,"minecraft:walk_on_water_one_cm":2219,"minecraft:total_world_time":42158,"minecraft:fall_one_cm":35944},"minecraft:picked_up":{"born_in_chaos_v1:fused_bone":2,"minecraft:birch_log":8,"minecraft:crafting_table":2,"minecraft:cooked_beef":6,"minecraft:andesite":5,"minecraft:leather":7,"minecraft:stone_slab":2,"minecraft:oak_log":19,"minecraft:dirt":2,"minecraft:string":1,"minecraft:bone":8,"minecraft:bow":1,"minecraft:wheat_seeds":1,"enderzoology:ender_fragment":2,"minecraft:beef":11,"dynamictrees:birch_seed":4,"dynamictrees:oak_seed":10,"minecraft:furnace":5,"minecraft:raw_iron":27,"minecraft:stick":41,"minecraft:torch":1,"minecraft:dandelion":1,"minecraft:porkchop":8,"minecraft:spruce_sapling":1,"minecraft:spruce_log":6,"minecraft:spider_eye":1,"minecraft:arrow":3,"minecraft:rotten_flesh":2,"evilcraft:dark_gem":27,"alexsmobs:maggot":2,"minecraft:coal":40,"iceandfire:raw_silver":16,"minecraft:cobblestone":58},"minecraft:mined":{"iceandfire:silver_ore":16,"minecraft:dandelion":1,"minecraft:crafting_table":2,"minecraft:grass_block":1,"minecraft:stone_slab":2,"minecraft:tall_grass":1,"minecraft:wall_torch":1,"minecraft:large_fern":1,"minecraft:furnace":5,"minecraft:iron_ore":27,"minecraft:spruce_log":6,"minecraft:andesite":7,"evilcraft:dark_ore":6,"minecraft:grass":5,"minecraft:coal_ore":29,"minecraft:dirt":1,"dynamictrees:oak_sapling":1,"minecraft:stone":58,"minecraft:fern":1}},"DataVersion":3465}