{"stats":{"minecraft:crafted":{"minecraft:crafting_table":1,"minecraft:spruce_planks":24,"minecraft:stick":8,"minecraft:wooden_pickaxe":1,"minecraft:stone_pickaxe":1,"minecraft:wooden_axe":1,"minecraft:stone_axe":1},"minecraft:killed":{"minecraft:pig":4},"minecraft:used":{"minecraft:wooden_axe":9,"minecraft:stone_pickaxe":28,"minecraft:wooden_pickaxe":9,"minecraft:stone_axe":1,"minecraft:cobblestone":5,"minecraft:crafting_table":1},"minecraft:custom":{"minecraft:time_since_rest":6158,"minecraft:sprint_one_cm":13257,"minecraft:damage_taken":20,"minecraft:walk_one_cm":12204,"minecraft:mob_kills":4,"minecraft:damage_dealt":400,"minecraft:interact_with_crafting_table":4,"minecraft:fly_one_cm":39262,"minecraft:crouch_one_cm":1652,"minecraft:play_time":6158,"minecraft:sneak_time":861,"minecraft:jump":158,"minecraft:leave_game":1,"minecraft:time_since_death":6158,"minecraft:total_world_time":6158,"minecraft:fall_one_cm":4284},"minecraft:picked_up":{"minecraft:birch_log":8,"minecraft:stick":37,"minecraft:dandelion":1,"minecraft:porkchop":8,"minecraft:oak_log":8,"minecraft:spruce_log":6,"minecraft:dirt":1,"minecraft:wheat_seeds":1,"dynamictrees:birch_seed":4,"dynamictrees:oak_seed":8,"minecraft:coal":9,"iceandfire:raw_silver":3,"minecraft:cobblestone":24},"minecraft:mined":{"minecraft:large_fern":1,"iceandfire:silver_ore":3,"minecraft:spruce_log":6,"minecraft:dandelion":1,"minecraft:grass":2,"minecraft:coal_ore":9,"minecraft:dirt":1,"minecraft:stone":24,"minecraft:fern":1}},"DataVersion":3465}