{"stats":{"minecraft:custom":{"minecraft:interact_with_furnace":45,"minecraft:mob_kills":6,"minecraft:interact_with_crafting_table":10,"minecraft:damage_dealt_resisted":72,"minecraft:time_since_death":323,"minecraft:climb_one_cm":424,"minecraft:time_since_rest":335,"minecraft:sprint_one_cm":90958,"minecraft:damage_taken":2519,"minecraft:walk_one_cm":66878,"minecraft:drop":13,"minecraft:damage_dealt":1962,"minecraft:fly_one_cm":187159,"minecraft:crouch_one_cm":8342,"minecraft:play_time":17121,"minecraft:deaths":9,"minecraft:sneak_time":1736,"minecraft:jump":549,"minecraft:total_world_time":17121,"minecraft:fall_one_cm":40028},"minecraft:crafted":{"minecraft:cooked_beef":8,"minecraft:oak_planks":32,"minecraft:crafting_table":1,"minecraft:wooden_pickaxe":1,"minecraft:iron_helmet":1,"minecraft:iron_sword":1,"minecraft:furnace":2,"minecraft:air":0,"minecraft:iron_boots":1,"minecraft:iron_chestplate":1,"minecraft:shield":1,"minecraft:iron_axe":1,"minecraft:stick":8,"minecraft:iron_ingot":29,"minecraft:stone_pickaxe":1,"minecraft:iron_leggings":1},"minecraft:killed":{"alexsmobs:fly":2,"minecraft:cow":4},"minecraft:killed_by":{"iceandfire:lightning_dragon":8,"born_in_chaos_v1:door_knight":1},"minecraft:dropped":{"alexsmobs:maggot":2,"minecraft:wheat_seeds":8,"minecraft:beetroot_seeds":4,"minecraft:wooden_pickaxe":1},"minecraft:used":{"minecraft:beetroot":1,"minecraft:diorite":1,"minecraft:stone_pickaxe":131,"minecraft:wooden_pickaxe":7,"minecraft:iron_sword":23,"minecraft:mossy_cobblestone":1,"minecraft:crafting_table":3,"minecraft:carrot":2,"minecraft:white_bed":1,"iceandfire:crackled_gravel":1,"minecraft:iron_axe":33,"minecraft:iron_helmet":2,"minecraft:iron_boots":1,"evilcraft:flesh_humanoid":1,"minecraft:cobblestone":7,"minecraft:furnace":4,"alexsmobs:animal_dictionary":1,"minecraft:cooked_beef":1,"minecraft:coarse_dirt":2,"minecraft:iron_leggings":1},"minecraft:broken":{"minecraft:stone_pickaxe":1},"minecraft:picked_up":{"minecraft:iron_chestplate":1,"minecraft:crafting_table":2,"minecraft:coarse_dirt":2,"minecraft:cooked_beef":7,"minecraft:leather":10,"minecraft:potato":4,"minecraft:oak_log":8,"evilcraft:flesh_humanoid":5,"minecraft:shield":1,"minecraft:iron_axe":1,"minecraft:iron_leggings":1,"minecraft:beetroot":1,"minecraft:wheat_seeds":8,"minecraft:iron_ingot":1,"enderzoology:ender_fragment":1,"minecraft:beef":8,"minecraft:iron_sword":1,"minecraft:oak_planks":15,"minecraft:iron_boots":1,"minecraft:furnace":2,"minecraft:stick":1,"minecraft:raw_iron":60,"iceandfire:copper_nugget":228,"minecraft:torch":4,"iceandfire:crackled_gravel":9,"minecraft:diorite":1,"minecraft:white_bed":1,"minecraft:carrot":17,"minecraft:mossy_cobblestone":1,"minecraft:rotten_flesh":1,"minecraft:beetroot_seeds":4,"minecraft:iron_helmet":1,"alexsmobs:maggot":2,"minecraft:coal":71,"minecraft:cobblestone":34},"minecraft:mined":{"minecraft:white_bed":1,"minecraft:mossy_cobblestone":1,"minecraft:dark_oak_log":1,"minecraft:crafting_table":2,"minecraft:tall_grass":1,"minecraft:cobblestone":13,"minecraft:diorite":1,"minecraft:wall_torch":1,"minecraft:coarse_dirt":2,"minecraft:furnace":2,"minecraft:carrots":10,"minecraft:iron_ore":48,"minecraft:wheat":5,"minecraft:grass":2,"minecraft:oak_log":8,"minecraft:potatoes":6,"minecraft:coal_ore":54,"minecraft:beetroots":2,"minecraft:stone":17}},"DataVersion":3465}