{"stats":{"minecraft:crafted":{"minecraft:oak_planks":32,"minecraft:crafting_table":1,"minecraft:stick":4,"minecraft:wooden_pickaxe":1,"minecraft:stone_pickaxe":1},"minecraft:custom":{"minecraft:time_since_rest":2477,"minecraft:sprint_one_cm":18861,"minecraft:damage_taken":280,"minecraft:walk_one_cm":11288,"minecraft:damage_dealt":31,"minecraft:interact_with_crafting_table":3,"minecraft:fly_one_cm":47356,"minecraft:crouch_one_cm":2107,"minecraft:play_time":5121,"minecraft:deaths":1,"minecraft:sneak_time":613,"minecraft:damage_dealt_resisted":72,"minecraft:jump":143,"minecraft:time_since_death":2456,"minecraft:climb_one_cm":424,"minecraft:total_world_time":5121,"minecraft:fall_one_cm":5203},"minecraft:killed_by":{"born_in_chaos_v1:door_knight":1},"minecraft:used":{"minecraft:stone_pickaxe":31,"minecraft:wooden_pickaxe":3,"minecraft:mossy_cobblestone":1,"minecraft:crafting_table":1,"alexsmobs:animal_dictionary":1},"minecraft:picked_up":{"minecraft:raw_iron":6,"minecraft:crafting_table":1,"minecraft:torch":2,"minecraft:potato":2,"minecraft:oak_log":8,"minecraft:carrot":9,"minecraft:mossy_cobblestone":1,"minecraft:rotten_flesh":1,"minecraft:beetroot":1,"minecraft:beetroot_seeds":2,"minecraft:wheat_seeds":5,"enderzoology:ender_fragment":1,"minecraft:cobblestone":27},"minecraft:mined":{"minecraft:carrots":10,"minecraft:mossy_cobblestone":1,"minecraft:iron_ore":6,"minecraft:wheat":5,"minecraft:dark_oak_log":1,"minecraft:crafting_table":1,"minecraft:potatoes":6,"minecraft:oak_log":8,"minecraft:beetroots":2,"minecraft:cobblestone":13,"minecraft:stone":14,"minecraft:wall_torch":1}},"DataVersion":3465}