{"stats":{"minecraft:custom":{"minecraft:interact_with_furnace":47,"minecraft:mob_kills":39,"minecraft:interact_with_crafting_table":11,"minecraft:open_barrel":18,"minecraft:eat_cake_slice":9,"minecraft:damage_dealt_resisted":155,"minecraft:time_since_death":13070,"minecraft:sleep_in_bed":5,"minecraft:climb_one_cm":14607,"minecraft:time_since_rest":4149,"minecraft:sprint_one_cm":221645,"minecraft:damage_taken":5039,"minecraft:walk_one_cm":293804,"minecraft:damage_blocked_by_shield":2487,"minecraft:drop":24,"minecraft:damage_dealt":10856,"minecraft:swim_one_cm":26375,"minecraft:fly_one_cm":342230,"minecraft:open_chest":25,"minecraft:crouch_one_cm":22691,"minecraft:play_time":41121,"minecraft:deaths":13,"minecraft:sneak_time":3635,"minecraft:walk_under_water_one_cm":748,"minecraft:jump":1215,"minecraft:interact_with_blast_furnace":6,"minecraft:walk_on_water_one_cm":1611,"minecraft:total_world_time":41121,"minecraft:fall_one_cm":65372},"minecraft:crafted":{"minecraft:cooked_beef":8,"minecraft:oak_planks":32,"minecraft:crafting_table":1,"minecraft:wooden_pickaxe":1,"minecraft:iron_helmet":1,"minecraft:iron_sword":1,"minecraft:furnace":2,"minecraft:air":0,"minecraft:iron_boots":1,"minecraft:iron_chestplate":1,"minecraft:shield":1,"minecraft:iron_axe":1,"minecraft:stick":12,"minecraft:iron_ingot":57,"minecraft:iron_pickaxe":1,"minecraft:stone_pickaxe":1,"minecraft:iron_leggings":1},"minecraft:killed":{"minecraft:cave_spider":3,"minecraft:husk":11,"born_in_chaos_v1:pumpkin_spirit":1,"minecraft:spider":1,"born_in_chaos_v1:skeleton_thrasher_not_despawn":1,"born_in_chaos_v1:maggot":1,"minecraft:skeleton":1,"minecraft:zombie":11,"alexsmobs:fly":2,"iceandfire:lightning_dragon":1,"minecraft:cow":4},"minecraft:killed_by":{"minecraft:husk":1,"iceandfire:lightning_dragon":11,"born_in_chaos_v1:door_knight":1},"minecraft:dropped":{"alexsmobs:maggot":2,"minecraft:shelter_pottery_sherd":1,"minecraft:wheat_seeds":8,"minecraft:rotten_flesh":6,"iceandfire:copper_nugget":122,"minecraft:beetroot_seeds":4,"minecraft:painting":1,"minecraft:polished_andesite_stairs":4,"minecraft:wooden_pickaxe":1,"minecraft:glistering_melon_slice":6,"minecraft:brick":3},"minecraft:used":{"minecraft:beetroot":1,"minecraft:diorite":1,"minecraft:stone_pickaxe":131,"minecraft:oak_planks":18,"minecraft:decorated_pot":1,"minecraft:shield":17,"minecraft:wooden_pickaxe":7,"minecraft:iron_sword":249,"minecraft:stripped_mangrove_wood":1,"minecraft:mossy_cobblestone":2,"minecraft:dirt":3,"minecraft:crafting_table":3,"minecraft:carrot":4,"minecraft:white_bed":8,"minecraft:cake":2,"minecraft:firework_rocket":4,"iceandfire:crackled_gravel":5,"minecraft:bread":13,"minecraft:iron_axe":76,"minecraft:iron_pickaxe":46,"minecraft:iron_helmet":2,"minecraft:iron_boots":1,"evilcraft:flesh_humanoid":1,"minecraft:cobblestone":7,"minecraft:furnace":4,"minecraft:pumpkin_pie":1,"alexsmobs:animal_dictionary":1,"minecraft:cooked_beef":8,"minecraft:coarse_dirt":2,"minecraft:iron_leggings":1},"minecraft:broken":{"minecraft:stone_pickaxe":1,"minecraft:iron_sword":1},"minecraft:picked_up":{"born_in_chaos_v1:corpse_maggot":2,"iceandfire:dragon_skull_lightning":1,"minecraft:iron_chestplate":1,"minecraft:crafting_table":3,"minecraft:coarse_dirt":2,"minecraft:cooked_beef":7,"minecraft:leather":10,"minecraft:potato":5,"minecraft:oak_log":8,"evilcraft:flesh_humanoid":5,"minecraft:brick":3,"minecraft:shield":1,"minecraft:dirt":3,"minecraft:iron_shovel":1,"minecraft:smooth_stone_slab":2,"minecraft:iron_axe":1,"minecraft:iron_leggings":1,"minecraft:cooked_mutton":1,"minecraft:bone":5,"minecraft:beetroot":1,"minecraft:wheat_seeds":15,"minecraft:iron_ingot":1,"enderzoology:ender_fragment":1,"minecraft:beef":8,"iceandfire:dragonscales_electric":10,"minecraft:iron_sword":1,"minecraft:oak_planks":20,"minecraft:iron_boots":1,"minecraft:furnace":4,"minecraft:stripped_mangrove_wood":1,"minecraft:polished_andesite_stairs":4,"minecraft:stick":3,"minecraft:raw_iron":70,"iceandfire:copper_nugget":232,"iceandfire:dragonbone":9,"born_in_chaos_v1:shattered_skull":1,"born_in_chaos_v1:ethereal_spirit":1,"born_in_chaos_v1:pileof_dark_metal":1,"minecraft:torch":4,"minecraft:dripstone_block":9,"minecraft:gravel":2,"iceandfire:lightning_dragon_flesh":5,"iceandfire:crackled_gravel":14,"iceandfire:lightning_dragon_heart":1,"minecraft:diorite":1,"minecraft:white_bed":9,"minecraft:carrot":17,"minecraft:mossy_cobblestone":2,"minecraft:arrow":2,"minecraft:rotten_flesh":22,"minecraft:decorated_pot":1,"minecraft:beetroot_seeds":4,"minecraft:hay_block":1,"minecraft:iron_helmet":1,"minecraft:carved_pumpkin":1,"minecraft:painting":1,"minecraft:golden_apple":1,"alexsmobs:maggot":2,"minecraft:coal":119,"minecraft:cobblestone":34,"minecraft:shelter_pottery_sherd":1},"minecraft:mined":{"minecraft:white_bed":9,"minecraft:mossy_cobblestone":2,"minecraft:dark_oak_log":1,"minecraft:crafting_table":3,"dynamictrees:acacia_leaves":1,"minecraft:grass_block":2,"minecraft:decorated_pot":2,"minecraft:polished_andesite_stairs":2,"minecraft:tall_grass":2,"minecraft:cobblestone":13,"minecraft:oak_planks":5,"minecraft:diorite":1,"minecraft:wall_torch":1,"minecraft:spawner":9,"minecraft:coarse_dirt":2,"minecraft:furnace":4,"minecraft:carrots":10,"minecraft:iron_ore":58,"minecraft:wheat":5,"minecraft:smooth_stone_slab":2,"minecraft:grass":2,"minecraft:oak_log":8,"minecraft:potatoes":6,"minecraft:coal_ore":70,"minecraft:beetroots":2,"minecraft:dirt":1,"minecraft:stripped_mangrove_wood":1,"minecraft:stone":17}},"DataVersion":3465}