{"stats":{"minecraft:custom":{"minecraft:interact_with_furnace":47,"minecraft:mob_kills":19,"minecraft:interact_with_crafting_table":11,"minecraft:open_barrel":12,"minecraft:eat_cake_slice":7,"minecraft:damage_dealt_resisted":72,"minecraft:time_since_death":1070,"minecraft:sleep_in_bed":1,"minecraft:climb_one_cm":1258,"minecraft:time_since_rest":1083,"minecraft:sprint_one_cm":160974,"minecraft:damage_taken":4511,"minecraft:walk_one_cm":181758,"minecraft:damage_blocked_by_shield":2442,"minecraft:drop":21,"minecraft:damage_dealt":7217,"minecraft:swim_one_cm":2201,"minecraft:fly_one_cm":254110,"minecraft:open_chest":12,"minecraft:crouch_one_cm":18184,"minecraft:play_time":29121,"minecraft:deaths":13,"minecraft:sneak_time":3004,"minecraft:walk_under_water_one_cm":67,"minecraft:jump":844,"minecraft:interact_with_blast_furnace":6,"minecraft:walk_on_water_one_cm":142,"minecraft:total_world_time":29121,"minecraft:fall_one_cm":55378},"minecraft:crafted":{"minecraft:cooked_beef":8,"minecraft:oak_planks":32,"minecraft:crafting_table":1,"minecraft:wooden_pickaxe":1,"minecraft:iron_helmet":1,"minecraft:iron_sword":1,"minecraft:furnace":2,"minecraft:air":0,"minecraft:iron_boots":1,"minecraft:iron_chestplate":1,"minecraft:shield":1,"minecraft:iron_axe":1,"minecraft:stick":12,"minecraft:iron_ingot":57,"minecraft:iron_pickaxe":1,"minecraft:stone_pickaxe":1,"minecraft:iron_leggings":1},"minecraft:killed":{"minecraft:husk":11,"minecraft:skeleton":1,"alexsmobs:fly":2,"iceandfire:lightning_dragon":1,"minecraft:cow":4},"minecraft:killed_by":{"minecraft:husk":1,"iceandfire:lightning_dragon":11,"born_in_chaos_v1:door_knight":1},"minecraft:dropped":{"alexsmobs:maggot":2,"minecraft:wheat_seeds":8,"minecraft:rotten_flesh":2,"iceandfire:copper_nugget":122,"minecraft:beetroot_seeds":4,"minecraft:painting":1,"minecraft:polished_andesite_stairs":4,"minecraft:wooden_pickaxe":1,"minecraft:glistering_melon_slice":6},"minecraft:used":{"minecraft:beetroot":1,"minecraft:diorite":1,"minecraft:stone_pickaxe":131,"minecraft:oak_planks":15,"minecraft:shield":16,"minecraft:wooden_pickaxe":7,"minecraft:iron_sword":165,"minecraft:mossy_cobblestone":1,"minecraft:crafting_table":3,"minecraft:carrot":4,"minecraft:white_bed":3,"minecraft:cake":2,"minecraft:firework_rocket":4,"iceandfire:crackled_gravel":5,"minecraft:bread":1,"minecraft:iron_axe":60,"minecraft:iron_pickaxe":35,"minecraft:iron_helmet":2,"minecraft:iron_boots":1,"evilcraft:flesh_humanoid":1,"minecraft:cobblestone":7,"minecraft:furnace":4,"alexsmobs:animal_dictionary":1,"minecraft:cooked_beef":8,"minecraft:coarse_dirt":2,"minecraft:iron_leggings":1},"minecraft:broken":{"minecraft:stone_pickaxe":1},"minecraft:picked_up":{"iceandfire:dragon_skull_lightning":1,"minecraft:iron_chestplate":1,"minecraft:crafting_table":3,"minecraft:coarse_dirt":2,"minecraft:cooked_beef":7,"minecraft:leather":10,"minecraft:potato":5,"minecraft:oak_log":8,"evilcraft:flesh_humanoid":5,"minecraft:shield":1,"minecraft:iron_axe":1,"minecraft:iron_leggings":1,"minecraft:cooked_mutton":1,"minecraft:beetroot":1,"minecraft:wheat_seeds":15,"minecraft:iron_ingot":1,"enderzoology:ender_fragment":1,"minecraft:beef":8,"iceandfire:dragonscales_electric":10,"minecraft:iron_sword":1,"minecraft:oak_planks":19,"minecraft:iron_boots":1,"minecraft:furnace":4,"minecraft:polished_andesite_stairs":4,"minecraft:stick":1,"minecraft:raw_iron":70,"iceandfire:copper_nugget":232,"iceandfire:dragonbone":9,"minecraft:torch":4,"minecraft:dripstone_block":9,"minecraft:gravel":2,"iceandfire:lightning_dragon_flesh":5,"iceandfire:crackled_gravel":14,"iceandfire:lightning_dragon_heart":1,"minecraft:diorite":1,"minecraft:white_bed":3,"minecraft:carrot":17,"minecraft:mossy_cobblestone":1,"minecraft:arrow":2,"minecraft:rotten_flesh":8,"minecraft:beetroot_seeds":4,"minecraft:iron_helmet":1,"minecraft:painting":1,"minecraft:golden_apple":1,"alexsmobs:maggot":2,"minecraft:coal":119,"minecraft:cobblestone":34},"minecraft:mined":{"minecraft:white_bed":3,"minecraft:mossy_cobblestone":1,"minecraft:dark_oak_log":1,"minecraft:crafting_table":3,"minecraft:polished_andesite_stairs":2,"minecraft:tall_grass":2,"minecraft:cobblestone":13,"minecraft:oak_planks":4,"minecraft:diorite":1,"minecraft:wall_torch":1,"minecraft:spawner":3,"minecraft:coarse_dirt":2,"minecraft:furnace":4,"minecraft:carrots":10,"minecraft:iron_ore":58,"minecraft:wheat":5,"minecraft:grass":2,"minecraft:oak_log":8,"minecraft:potatoes":6,"minecraft:coal_ore":70,"minecraft:beetroots":2,"minecraft:stone":17}},"DataVersion":3465}