{"stats":{"minecraft:custom":{"minecraft:time_since_rest":8477,"minecraft:interact_with_furnace":21,"minecraft:sprint_one_cm":40565,"minecraft:damage_taken":300,"minecraft:walk_one_cm":34503,"minecraft:mob_kills":4,"minecraft:drop":6,"minecraft:damage_dealt":431,"minecraft:interact_with_crafting_table":5,"minecraft:fly_one_cm":117475,"minecraft:crouch_one_cm":3212,"minecraft:play_time":11121,"minecraft:deaths":1,"minecraft:sneak_time":975,"minecraft:damage_dealt_resisted":72,"minecraft:jump":363,"minecraft:time_since_death":8456,"minecraft:climb_one_cm":424,"minecraft:total_world_time":11121,"minecraft:fall_one_cm":12111},"minecraft:crafted":{"minecraft:cooked_beef":2,"minecraft:oak_planks":32,"minecraft:shield":1,"minecraft:iron_axe":1,"minecraft:crafting_table":1,"minecraft:stick":8,"minecraft:iron_ingot":13,"minecraft:wooden_pickaxe":1,"minecraft:stone_pickaxe":1,"minecraft:furnace":2,"minecraft:air":0},"minecraft:killed":{"minecraft:cow":4},"minecraft:killed_by":{"born_in_chaos_v1:door_knight":1},"minecraft:dropped":{"minecraft:wheat_seeds":6},"minecraft:used":{"minecraft:beetroot":1,"minecraft:iron_axe":11,"minecraft:stone_pickaxe":99,"minecraft:wooden_pickaxe":3,"minecraft:mossy_cobblestone":1,"minecraft:crafting_table":2,"minecraft:furnace":4,"alexsmobs:animal_dictionary":1,"minecraft:coarse_dirt":2},"minecraft:picked_up":{"minecraft:coarse_dirt":2,"minecraft:raw_iron":39,"minecraft:crafting_table":2,"minecraft:leather":5,"minecraft:torch":2,"minecraft:potato":2,"minecraft:oak_log":8,"minecraft:white_bed":1,"minecraft:carrot":9,"minecraft:mossy_cobblestone":1,"minecraft:rotten_flesh":1,"minecraft:beetroot":1,"minecraft:beetroot_seeds":2,"minecraft:wheat_seeds":7,"minecraft:beef":8,"enderzoology:ender_fragment":1,"minecraft:iron_ingot":1,"minecraft:coal":47,"minecraft:cobblestone":30,"minecraft:furnace":2},"minecraft:mined":{"minecraft:coarse_dirt":2,"minecraft:white_bed":1,"minecraft:furnace":2,"minecraft:carrots":10,"minecraft:mossy_cobblestone":1,"minecraft:iron_ore":27,"minecraft:wheat":5,"minecraft:dark_oak_log":1,"minecraft:crafting_table":2,"minecraft:grass":2,"minecraft:coal_ore":41,"minecraft:potatoes":6,"minecraft:oak_log":8,"minecraft:beetroots":2,"minecraft:tall_grass":1,"minecraft:cobblestone":13,"minecraft:stone":17,"minecraft:wall_torch":1}},"DataVersion":3465}