{"stats":{"minecraft:custom":{"minecraft:mob_kills":42,"minecraft:interact_with_crafting_table":15,"minecraft:open_barrel":18,"minecraft:damage_dealt_resisted":155,"minecraft:eat_cake_slice":9,"minecraft:leave_game":1,"minecraft:time_since_death":5170,"minecraft:climb_one_cm":14607,"minecraft:sprint_one_cm":319508,"minecraft:walk_one_cm":342972,"minecraft:damage_blocked_by_shield":2607,"minecraft:drop":40,"minecraft:play_time":52995,"minecraft:deaths":26,"minecraft:sneak_time":3827,"minecraft:walk_under_water_one_cm":1077,"minecraft:jump":1925,"minecraft:interact_with_blast_furnace":6,"minecraft:walk_on_water_one_cm":12052,"minecraft:total_world_time":52995,"minecraft:interact_with_furnace":47,"minecraft:sleep_in_bed":5,"minecraft:time_since_rest":5185,"minecraft:damage_taken":8608,"minecraft:damage_dealt":14350,"minecraft:swim_one_cm":26597,"minecraft:fly_one_cm":597930,"minecraft:open_chest":27,"minecraft:crouch_one_cm":24018,"minecraft:fall_one_cm":90739},"minecraft:crafted":{"minecraft:oak_planks":36,"minecraft:furnace":2,"minecraft:iron_boots":1,"minecraft:iron_axe":1,"minecraft:stone_pickaxe":1,"minecraft:cooked_beef":8,"minecraft:crafting_table":2,"minecraft:wooden_pickaxe":1,"minecraft:iron_helmet":2,"minecraft:iron_sword":2,"minecraft:bucket":1,"minecraft:air":0,"minecraft:iron_chestplate":3,"minecraft:shield":1,"minecraft:stick":12,"minecraft:iron_ingot":57,"minecraft:iron_pickaxe":1,"minecraft:iron_leggings":3},"minecraft:killed":{"minecraft:cave_spider":3,"born_in_chaos_v1:pumpkin_spirit":1,"minecraft:spider":1,"born_in_chaos_v1:skeleton_thrasher_not_despawn":1,"born_in_chaos_v1:maggot":1,"minecraft:skeleton":1,"iceandfire:fire_dragon":1,"minecraft:husk":11,"born_in_chaos_v1:decrepit_skeleton":1,"minecraft:zombie":11,"born_in_chaos_v1:nightmare_stalker":1,"alexsmobs:fly":2,"iceandfire:lightning_dragon":1,"minecraft:cow":4},"minecraft:killed_by":{"minecraft:husk":1,"iceandfire:lightning_dragon":11,"born_in_chaos_v1:door_knight":1,"iceandfire:fire_dragon":13},"minecraft:dropped":{"minecraft:shelter_pottery_sherd":1,"minecraft:wheat_seeds":14,"minecraft:leather":5,"iceandfire:copper_nugget":122,"gravestone:obituary":1,"minecraft:polished_andesite_stairs":4,"minecraft:glistering_melon_slice":6,"minecraft:birch_log":1,"iceandfire:dragonbone":17,"minecraft:sweet_berries":5,"alexsmobs:maggot":2,"minecraft:birch_sapling":1,"minecraft:rotten_flesh":8,"minecraft:stone_slab":1,"evilcraft:flesh_humanoid":6,"minecraft:beetroot_seeds":4,"minecraft:painting":1,"minecraft:wooden_pickaxe":1,"iceandfire:manuscript":12,"minecraft:brick":3},"minecraft:used":{"minecraft:beetroot":1,"minecraft:decorated_pot":1,"minecraft:shield":18,"minecraft:iron_sword":381,"minecraft:iron_chestplate":1,"minecraft:torch":2,"minecraft:dirt":4,"minecraft:carrot":4,"iceandfire:crackled_gravel":5,"minecraft:birch_sapling":1,"minecraft:iron_axe":98,"minecraft:iron_helmet":3,"minecraft:iron_boots":1,"evilcraft:flesh_humanoid":1,"minecraft:sweet_berries":5,"minecraft:oak_sapling":1,"minecraft:furnace":6,"minecraft:cooked_beef":8,"minecraft:iron_leggings":2,"minecraft:water_bucket":5,"minecraft:diorite":1,"minecraft:stone_pickaxe":131,"minecraft:oak_planks":18,"minecraft:wooden_pickaxe":7,"minecraft:stripped_mangrove_wood":1,"minecraft:mossy_cobblestone":2,"minecraft:crafting_table":5,"minecraft:white_bed":10,"minecraft:cake":2,"minecraft:firework_rocket":4,"minecraft:bread":19,"minecraft:iron_pickaxe":46,"minecraft:spruce_trapdoor":3,"minecraft:cobblestone":7,"minecraft:bucket":6,"minecraft:pumpkin_pie":2,"alexsmobs:animal_dictionary":1,"minecraft:coarse_dirt":2},"minecraft:broken":{"minecraft:iron_boots":1,"minecraft:stone_pickaxe":1,"minecraft:iron_sword":1,"minecraft:iron_helmet":1},"minecraft:picked_up":{"iceandfire:dragon_skull_lightning":2,"minecraft:coarse_dirt":2,"minecraft:crafting_table":3,"minecraft:shelter_pottery_sherd":1,"minecraft:iron_chestplate":2,"minecraft:stone_slab":2,"minecraft:chain":4,"minecraft:shield":2,"minecraft:brick":3,"iceandfire:manuscript":12,"minecraft:iron_axe":2,"minecraft:smooth_stone_slab":2,"minecraft:iron_leggings":2,"minecraft:iron_shovel":2,"minecraft:beetroot":1,"enderzoology:ender_fragment":1,"minecraft:beef":8,"minecraft:iron_pickaxe":1,"iceandfire:dragonscales_electric":20,"minecraft:birch_sapling":2,"minecraft:spruce_trapdoor":5,"minecraft:furnace":6,"minecraft:iron_boots":2,"iceandfire:dragonscales_gray":24,"minecraft:stick":9,"minecraft:raw_iron":70,"iceandfire:dragonbone":34,"minecraft:stripped_mangrove_wood":1,"born_in_chaos_v1:shattered_skull":1,"minecraft:torch":6,"born_in_chaos_v1:pileof_dark_metal":1,"iceandfire:lightning_dragon_flesh":10,"iceandfire:crackled_gravel":14,"minecraft:diorite":1,"born_in_chaos_v1:nightmare_claw":1,"minecraft:carrot":35,"minecraft:arrow":17,"minecraft:rotten_flesh":24,"minecraft:decorated_pot":1,"minecraft:beetroot_seeds":4,"minecraft:hay_block":1,"iceandfire:fire_dragon_heart":1,"minecraft:carved_pumpkin":1,"minecraft:gold_ingot":27,"minecraft:cobblestone":34,"minecraft:birch_log":2,"born_in_chaos_v1:corpse_maggot":2,"minecraft:cooked_beef":7,"minecraft:golden_carrot":2,"minecraft:leather":15,"minecraft:potato":13,"minecraft:oak_log":9,"evilcraft:flesh_humanoid":13,"minecraft:dirt":4,"born_in_chaos_v1:monster_skin":6,"minecraft:cooked_mutton":2,"minecraft:bone":19,"minecraft:apple":25,"minecraft:wheat_seeds":23,"minecraft:iron_ingot":30,"minecraft:bamboo":6,"iceandfire:fire_dragon_flesh":2,"minecraft:iron_sword":3,"minecraft:oak_planks":20,"minecraft:polished_andesite_stairs":4,"iceandfire:copper_nugget":232,"minecraft:sweet_berries":13,"born_in_chaos_v1:ethereal_spirit":1,"minecraft:dripstone_block":9,"minecraft:gravel":2,"iceandfire:dragon_skull_fire":1,"minecraft:white_bed":10,"iceandfire:lightning_dragon_heart":2,"minecraft:mossy_cobblestone":2,"minecraft:diamond":1,"minecraft:iron_helmet":1,"minecraft:crossbow":1,"minecraft:painting":1,"minecraft:golden_apple":2,"minecraft:bread":11,"alexsmobs:maggot":2,"minecraft:oak_sapling":1,"minecraft:coal":196},"minecraft:mined":{"minecraft:white_bed":10,"minecraft:mossy_cobblestone":2,"minecraft:dark_oak_log":1,"minecraft:spruce_trapdoor":5,"minecraft:grass_block":4,"minecraft:decorated_pot":2,"minecraft:spawner":9,"minecraft:large_fern":5,"minecraft:furnace":4,"minecraft:carrots":10,"minecraft:iron_ore":58,"minecraft:fire":8,"minecraft:potatoes":6,"minecraft:stone":17,"minecraft:stripped_mangrove_wood":1,"minecraft:crafting_table":3,"dynamictrees:acacia_leaves":1,"minecraft:polished_andesite_stairs":2,"minecraft:tall_grass":21,"minecraft:cobblestone":13,"minecraft:oak_planks":5,"minecraft:diorite":1,"minecraft:wall_torch":1,"minecraft:coarse_dirt":2,"minecraft:wheat":5,"minecraft:smooth_stone_slab":2,"minecraft:grass":7,"minecraft:oak_log":9,"minecraft:coal_ore":70,"minecraft:beetroots":2,"minecraft:dirt":1,"minecraft:oak_leaves":3,"minecraft:fern":1}},"DataVersion":3465}