{"stats":{"minecraft:crafted":{"minecraft:wooden_sword":1,"minecraft:oak_planks":68,"minecraft:crafting_table":2,"minecraft:stick":8,"minecraft:wooden_pickaxe":1,"minecraft:stone_pickaxe":1,"minecraft:wooden_axe":1},"minecraft:custom":{"minecraft:time_since_rest":2460,"minecraft:open_chest":1,"minecraft:deaths":2,"minecraft:crouch_one_cm":822,"minecraft:play_time":12501,"minecraft:sprint_one_cm":17480,"minecraft:damage_taken":506,"minecraft:walk_one_cm":32253,"minecraft:sneak_time":232,"minecraft:damage_dealt_resisted":16,"minecraft:jump":108,"minecraft:damage_dealt":515,"minecraft:walk_on_water_one_cm":3200,"minecraft:time_since_death":2438,"minecraft:total_world_time":12501,"minecraft:climb_one_cm":1263,"minecraft:interact_with_crafting_table":4,"minecraft:fall_one_cm":1581,"minecraft:fly_one_cm":20260},"minecraft:used":{"minecraft:wooden_axe":25,"minecraft:wooden_sword":42,"minecraft:crafting_table":3,"minecraft:stone_pickaxe":19,"alexsmobs:animal_dictionary":4,"minecraft:wooden_pickaxe":3},"minecraft:picked_up":{"minecraft:crafting_table":1,"minecraft:potato":8,"minecraft:white_tulip":5,"minecraft:oak_log":29,"minecraft:lily_of_the_valley":1,"minecraft:cobblestone":21},"minecraft:mined":{"minecraft:grass":1,"minecraft:potatoes":3,"minecraft:oak_log":29,"minecraft:stone":22,"minecraft:crafting_table":1}},"DataVersion":3465}