{"stats":{"minecraft:crafted":{"minecraft:wooden_sword":1,"minecraft:oak_planks":72,"minecraft:shield":1,"minecraft:crafting_table":2,"minecraft:stick":16,"minecraft:wooden_pickaxe":1,"minecraft:stone_pickaxe":1,"minecraft:wooden_axe":1,"minecraft:stone_axe":1},"minecraft:custom":{"minecraft:time_since_rest":9372,"minecraft:sprint_one_cm":70844,"minecraft:damage_taken":1095,"minecraft:walk_one_cm":74075,"minecraft:damage_blocked_by_shield":285,"minecraft:mob_kills":8,"minecraft:drop":4,"minecraft:damage_dealt":2672,"minecraft:open_barrel":15,"minecraft:swim_one_cm":17891,"minecraft:interact_with_crafting_table":5,"minecraft:fly_one_cm":84110,"minecraft:player_kills":1,"minecraft:open_chest":8,"minecraft:crouch_one_cm":1951,"minecraft:play_time":30501,"minecraft:deaths":3,"minecraft:sneak_time":635,"minecraft:walk_under_water_one_cm":877,"minecraft:jump":417,"minecraft:damage_dealt_resisted":16,"minecraft:time_since_death":9350,"minecraft:walk_on_water_one_cm":15113,"minecraft:climb_one_cm":1263,"minecraft:total_world_time":30501,"minecraft:fall_one_cm":11873},"minecraft:killed":{"born_in_chaos_v1:corpse_fly":1,"born_in_chaos_v1:restless_spirit":2,"minecraft:spider":1,"born_in_chaos_v1:door_knight":1,"born_in_chaos_v1:decrepit_skeleton":3},"minecraft:killed_by":{"minecraft:player":1},"minecraft:used":{"minecraft:wooden_axe":47,"minecraft:apple":6,"minecraft:white_tulip":3,"minecraft:stone_pickaxe":70,"minecraft:shield":5,"minecraft:wooden_pickaxe":3,"minecraft:golden_helmet":1,"minecraft:stone_axe":13,"minecraft:wooden_sword":59,"minecraft:crafting_table":4,"minecraft:carrot":3,"alexsmobs:animal_dictionary":4,"minecraft:potato":9,"minecraft:splash_potion":1,"minecraft:chainmail_leggings":1},"minecraft:dropped":{"minecraft:poppy":1,"minecraft:white_tulip":2,"gravestone:obituary":1},"minecraft:broken":{"minecraft:wooden_axe":1,"minecraft:wooden_sword":1},"minecraft:picked_up":{"minecraft:crafting_table":3,"minecraft:splash_potion":1,"minecraft:andesite":13,"born_in_chaos_v1:ethereal_spirit":1,"minecraft:potato":8,"minecraft:carrot":1,"minecraft:chain":2,"minecraft:oak_log":29,"minecraft:white_bed":1,"minecraft:lily_of_the_valley":1,"minecraft:dark_oak_log":8,"minecraft:bone":3,"minecraft:rotten_flesh":7,"minecraft:white_tulip":8,"minecraft:gold_ingot":19,"minecraft:cobblestone":44},"minecraft:mined":{"minecraft:white_bed":1,"minecraft:jungle_leaves":1,"minecraft:dark_oak_log":9,"minecraft:andesite":13,"minecraft:crafting_table":3,"gravestone:gravestone":1,"minecraft:grass":1,"minecraft:potatoes":3,"minecraft:oak_log":29,"minecraft:stone":44,"minecraft:spawner":3}},"DataVersion":3465}