{"stats":{"minecraft:crafted":{"minecraft:wooden_sword":1,"minecraft:oak_planks":68,"minecraft:crafting_table":2,"minecraft:stick":8,"minecraft:wooden_pickaxe":1,"minecraft:stone_pickaxe":1,"minecraft:wooden_axe":1},"minecraft:custom":{"minecraft:time_since_rest":3372,"minecraft:sprint_one_cm":39735,"minecraft:damage_taken":736,"minecraft:walk_one_cm":56069,"minecraft:mob_kills":3,"minecraft:drop":4,"minecraft:damage_dealt":1566,"minecraft:open_barrel":10,"minecraft:swim_one_cm":280,"minecraft:interact_with_crafting_table":4,"minecraft:fly_one_cm":49191,"minecraft:player_kills":1,"minecraft:open_chest":7,"minecraft:crouch_one_cm":1921,"minecraft:play_time":24501,"minecraft:deaths":3,"minecraft:sneak_time":620,"minecraft:walk_under_water_one_cm":178,"minecraft:jump":282,"minecraft:damage_dealt_resisted":16,"minecraft:time_since_death":3350,"minecraft:walk_on_water_one_cm":5101,"minecraft:climb_one_cm":1263,"minecraft:total_world_time":24501,"minecraft:fall_one_cm":6165},"minecraft:killed":{"born_in_chaos_v1:restless_spirit":1,"born_in_chaos_v1:decrepit_skeleton":2},"minecraft:killed_by":{"minecraft:player":1},"minecraft:used":{"minecraft:wooden_axe":47,"minecraft:white_tulip":3,"minecraft:stone_pickaxe":57,"minecraft:wooden_pickaxe":3,"minecraft:golden_helmet":1,"minecraft:wooden_sword":59,"minecraft:crafting_table":3,"alexsmobs:animal_dictionary":4,"minecraft:splash_potion":1,"minecraft:chainmail_leggings":1},"minecraft:dropped":{"minecraft:poppy":1,"minecraft:white_tulip":2,"gravestone:obituary":1},"minecraft:broken":{"minecraft:wooden_axe":1,"minecraft:wooden_sword":1},"minecraft:picked_up":{"minecraft:crafting_table":2,"minecraft:splash_potion":1,"minecraft:andesite":13,"born_in_chaos_v1:ethereal_spirit":1,"minecraft:potato":8,"minecraft:chain":1,"minecraft:oak_log":29,"minecraft:white_bed":1,"minecraft:lily_of_the_valley":1,"minecraft:dark_oak_log":8,"minecraft:bone":2,"minecraft:rotten_flesh":4,"minecraft:white_tulip":8,"minecraft:gold_ingot":19,"minecraft:cobblestone":44},"minecraft:mined":{"minecraft:white_bed":1,"minecraft:jungle_leaves":1,"minecraft:dark_oak_log":9,"minecraft:andesite":13,"minecraft:crafting_table":2,"gravestone:gravestone":1,"minecraft:grass":1,"minecraft:potatoes":3,"minecraft:oak_log":29,"minecraft:stone":44,"minecraft:spawner":2}},"DataVersion":3465}