{"stats":{"minecraft:custom":{"minecraft:interact_with_furnace":20,"minecraft:mob_kills":25,"minecraft:interact_with_crafting_table":11,"minecraft:open_barrel":15,"minecraft:damage_dealt_resisted":16,"minecraft:leave_game":2,"minecraft:time_since_death":2392,"minecraft:climb_one_cm":1263,"minecraft:time_since_rest":2592,"minecraft:sprint_one_cm":98319,"minecraft:damage_taken":2505,"minecraft:walk_one_cm":93473,"minecraft:damage_blocked_by_shield":1140,"minecraft:drop":8,"minecraft:damage_dealt":5038,"minecraft:swim_one_cm":20952,"minecraft:fly_one_cm":142484,"minecraft:player_kills":1,"minecraft:open_chest":10,"minecraft:crouch_one_cm":1951,"minecraft:play_time":40298,"minecraft:deaths":6,"minecraft:sneak_time":649,"minecraft:walk_under_water_one_cm":1919,"minecraft:jump":664,"minecraft:walk_on_water_one_cm":16452,"minecraft:total_world_time":40298,"minecraft:fall_one_cm":17539},"minecraft:crafted":{"minecraft:wooden_sword":1,"minecraft:oak_planks":72,"minecraft:crafting_table":2,"minecraft:wooden_pickaxe":1,"minecraft:furnace":2,"minecraft:stone_axe":1,"minecraft:white_carpet":3,"minecraft:cooked_mutton":9,"minecraft:air":0,"minecraft:shield":1,"minecraft:stick":16,"travelersbackpack:light_gray_sleeping_bag":1,"minecraft:stone_pickaxe":1,"minecraft:wooden_axe":1},"minecraft:killed":{"minecraft:pig":1,"born_in_chaos_v1:restless_spirit":2,"minecraft:vindicator":1,"minecraft:spider":1,"born_in_chaos_v1:decrepit_skeleton":3,"born_in_chaos_v1:maggot":1,"minecraft:sheep":7,"minecraft:pillager":3,"born_in_chaos_v1:corpse_fly":1,"minecraft:llama":1,"born_in_chaos_v1:door_knight":1,"born_in_chaos_v1:firelight_not_despawn":3},"minecraft:killed_by":{"minecraft:vindicator":3,"minecraft:player":1},"minecraft:dropped":{"minecraft:white_tulip":2,"minecraft:white_carpet":3,"minecraft:poppy":1,"minecraft:gray_wool":1,"gravestone:obituary":1,"minecraft:wooden_pickaxe":1,"minecraft:black_wool":1},"minecraft:used":{"minecraft:cooked_mutton":3,"minecraft:white_tulip":3,"minecraft:stone_pickaxe":73,"minecraft:wooden_pickaxe":3,"minecraft:shield":21,"minecraft:white_wool":2,"minecraft:crafting_table":5,"minecraft:carrot":3,"minecraft:wooden_axe":47,"minecraft:apple":6,"minecraft:golden_helmet":1,"minecraft:stone_axe":52,"minecraft:wooden_sword":59,"minecraft:furnace":2,"alexsmobs:animal_dictionary":4,"minecraft:potato":9,"minecraft:chainmail_leggings":2,"minecraft:splash_potion":1},"minecraft:broken":{"minecraft:wooden_sword":1,"minecraft:wooden_axe":1},"minecraft:picked_up":{"minecraft:wheat":5,"minecraft:crafting_table":5,"minecraft:splash_potion":1,"minecraft:andesite":26,"minecraft:leather":4,"minecraft:wooden_pickaxe":1,"minecraft:red_mushroom":2,"minecraft:potato":25,"evilcraft:flesh_humanoid":2,"minecraft:chain":4,"minecraft:oak_log":40,"minecraft:shield":1,"mca:book_romance":1,"minecraft:cooked_mutton":10,"minecraft:white_carpet":6,"minecraft:bone":15,"minecraft:apple":5,"minecraft:iron_ingot":1,"minecraft:stone_pickaxe":1,"minecraft:white_tulip":11,"minecraft:light_gray_wool":2,"minecraft:oak_planks":42,"minecraft:furnace":4,"minecraft:golden_helmet":1,"minecraft:stick":7,"born_in_chaos_v1:shattered_skull":1,"born_in_chaos_v1:ethereal_spirit":2,"minecraft:lily_of_the_valley":2,"minecraft:white_bed":2,"minecraft:carrot":8,"minecraft:dark_oak_log":16,"alexsmobs:animal_dictionary":1,"travelersbackpack:light_gray_sleeping_bag":1,"minecraft:arrow":9,"minecraft:rotten_flesh":14,"born_in_chaos_v1:fire_dust":6,"minecraft:stone_axe":1,"minecraft:chainmail_leggings":1,"minecraft:emerald":2,"minecraft:gray_wool":1,"minecraft:gold_ingot":45,"minecraft:coal":2,"minecraft:black_wool":1,"minecraft:mutton":11,"minecraft:white_wool":5,"iceandfire:raw_silver":2,"minecraft:cobblestone":88},"minecraft:mined":{"minecraft:white_bed":1,"iceandfire:silver_ore":1,"minecraft:jungle_leaves":1,"minecraft:dark_oak_log":9,"minecraft:crafting_table":4,"gravestone:gravestone":1,"minecraft:dark_oak_fence":2,"minecraft:spawner":3,"minecraft:furnace":2,"minecraft:andesite":13,"minecraft:grass":1,"minecraft:potatoes":3,"minecraft:oak_log":29,"minecraft:stone":44,"minecraft:white_wool":2}},"DataVersion":3465}