{"stats":{"minecraft:custom":{"minecraft:jump":62,"minecraft:open_chest":1,"minecraft:time_since_rest":6501,"minecraft:damage_dealt":10,"minecraft:crouch_one_cm":803,"minecraft:sprint_one_cm":13165,"minecraft:play_time":6501,"minecraft:damage_taken":196,"minecraft:time_since_death":6501,"minecraft:walk_one_cm":9078,"minecraft:sneak_time":178,"minecraft:climb_one_cm":674,"minecraft:total_world_time":6501,"minecraft:fall_one_cm":1103,"minecraft:fly_one_cm":13424,"minecraft:damage_dealt_resisted":16},"minecraft:used":{"alexsmobs:animal_dictionary":4},"minecraft:mined":{"minecraft:grass":1}},"DataVersion":3465}